{
    "name": "root",
    "gauges": {
        "RoboHand.Policy.Entropy.mean": {
            "value": 1.2568795680999756,
            "min": 1.2568795680999756,
            "max": 1.2959023714065552,
            "count": 10
        },
        "RoboHand.Policy.Entropy.sum": {
            "value": 125687.953125,
            "min": 125687.953125,
            "max": 130212.2734375,
            "count": 10
        },
        "RoboHand.Step.mean": {
            "value": 999988.0,
            "min": 99969.0,
            "max": 999988.0,
            "count": 10
        },
        "RoboHand.Step.sum": {
            "value": 999988.0,
            "min": 99969.0,
            "max": 999988.0,
            "count": 10
        },
        "RoboHand.Policy.ExtrinsicValueEstimate.mean": {
            "value": 37.64122009277344,
            "min": -10955.775390625,
            "max": 58.32896423339844,
            "count": 10
        },
        "RoboHand.Policy.ExtrinsicValueEstimate.sum": {
            "value": 68695.2265625,
            "min": -19906644.0,
            "max": 106275.375,
            "count": 10
        },
        "RoboHand.Policy.GailValueEstimate.mean": {
            "value": -0.12524789571762085,
            "min": -138.1499786376953,
            "max": 0.972343385219574,
            "count": 10
        },
        "RoboHand.Policy.GailValueEstimate.sum": {
            "value": -228.57742309570312,
            "min": -251018.5,
            "max": 1768.692626953125,
            "count": 10
        },
        "RoboHand.Environment.EpisodeLength.mean": {
            "value": 313.7830188679245,
            "min": 301.2162162162162,
            "max": 318.1864951768489,
            "count": 10
        },
        "RoboHand.Environment.EpisodeLength.sum": {
            "value": 99783.0,
            "min": 97478.0,
            "max": 100433.0,
            "count": 10
        },
        "RoboHand.Environment.CumulativeReward.mean": {
            "value": 25.32901503881674,
            "min": -2783894.4302919246,
            "max": 77.02588399651577,
            "count": 10
        },
        "RoboHand.Environment.CumulativeReward.sum": {
            "value": 8054.626782343723,
            "min": -865791167.8207886,
            "max": 24648.282878885046,
            "count": 10
        },
        "RoboHand.Policy.ExtrinsicReward.mean": {
            "value": 25.32901503881674,
            "min": -2783894.4302919246,
            "max": 77.02588399651577,
            "count": 10
        },
        "RoboHand.Policy.ExtrinsicReward.sum": {
            "value": 8054.626782343723,
            "min": -865791167.8207886,
            "max": 24648.282878885046,
            "count": 10
        },
        "RoboHand.Policy.GailReward.mean": {
            "value": 0.321447729793806,
            "min": 0.18883745955158113,
            "max": 0.4786511925013748,
            "count": 10
        },
        "RoboHand.Policy.GailReward.sum": {
            "value": 102.2203780744303,
            "min": 59.86147467785122,
            "max": 148.86052086792756,
            "count": 10
        },
        "RoboHand.Losses.PolicyLoss.mean": {
            "value": 0.02243763776430569,
            "min": 0.02182176676751287,
            "max": 0.024652037578331752,
            "count": 10
        },
        "RoboHand.Losses.PolicyLoss.sum": {
            "value": 0.22437637764305693,
            "min": 0.19639590090761583,
            "max": 0.2465203757833175,
            "count": 10
        },
        "RoboHand.Losses.ValueLoss.mean": {
            "value": 23792.00252278646,
            "min": 5.807223548712553,
            "max": 23852900416447.152,
            "count": 10
        },
        "RoboHand.Losses.ValueLoss.sum": {
            "value": 237920.0252278646,
            "min": 52.26501193841298,
            "max": 238529004164471.53,
            "count": 10
        },
        "RoboHand.Policy.LearningRate.mean": {
            "value": 1.442838519057e-05,
            "min": 1.442838519057e-05,
            "max": 0.00028435977188007774,
            "count": 10
        },
        "RoboHand.Policy.LearningRate.sum": {
            "value": 0.0001442838519057,
            "min": 0.0001442838519057,
            "max": 0.0025592379469206996,
            "count": 10
        },
        "RoboHand.Policy.Epsilon.mean": {
            "value": 0.10480943000000001,
            "min": 0.10480943000000001,
            "max": 0.19478658888888886,
            "count": 10
        },
        "RoboHand.Policy.Epsilon.sum": {
            "value": 1.0480943,
            "min": 1.0480943,
            "max": 1.8498068,
            "count": 10
        },
        "RoboHand.Policy.Beta.mean": {
            "value": 0.0005000000000000002,
            "min": 0.0005000000000000001,
            "max": 0.0005000000000000002,
            "count": 10
        },
        "RoboHand.Policy.Beta.sum": {
            "value": 0.005000000000000002,
            "min": 0.004500000000000001,
            "max": 0.005000000000000002,
            "count": 10
        },
        "RoboHand.Policy.GAILPolicyEstimate.mean": {
            "value": 0.08065208841115236,
            "min": 0.04724625418721526,
            "max": 0.09065452661365271,
            "count": 10
        },
        "RoboHand.Policy.GAILPolicyEstimate.sum": {
            "value": 0.8065208841115236,
            "min": 0.4252162876849373,
            "max": 0.9065452661365271,
            "count": 10
        },
        "RoboHand.Policy.GAILExpertEstimate.mean": {
            "value": 0.9283257853984832,
            "min": 0.9152761010328929,
            "max": 0.9343376124346698,
            "count": 10
        },
        "RoboHand.Policy.GAILExpertEstimate.sum": {
            "value": 9.283257853984832,
            "min": 8.245848574241002,
            "max": 9.32241252263387,
            "count": 10
        },
        "RoboHand.Losses.GAILLoss.mean": {
            "value": 0.18698789879679678,
            "min": 0.13710813632717836,
            "max": 0.24901855275034906,
            "count": 10
        },
        "RoboHand.Losses.GAILLoss.sum": {
            "value": 1.8698789879679678,
            "min": 1.2339732269446053,
            "max": 2.4901855275034905,
            "count": 10
        },
        "RoboHand.Policy.GAILGradMagLoss.mean": {
            "value": 0.055242456172903374,
            "min": 0.04277178332830469,
            "max": 0.07535784618308147,
            "count": 10
        },
        "RoboHand.Policy.GAILGradMagLoss.sum": {
            "value": 0.5524245617290338,
            "min": 0.388904699559013,
            "max": 0.7535784618308147,
            "count": 10
        },
        "RoboHand.IsTraining.mean": {
            "value": 1.0,
            "min": 1.0,
            "max": 1.0,
            "count": 10
        },
        "RoboHand.IsTraining.sum": {
            "value": 1.0,
            "min": 1.0,
            "max": 1.0,
            "count": 10
        }
    },
    "metadata": {
        "timer_format_version": "0.1.0",
        "start_time_seconds": "1716826879",
        "python_version": "3.9.13 (tags/v3.9.13:6de2ca5, May 17 2022, 16:36:42) [MSC v.1929 64 bit (AMD64)]",
        "command_line_arguments": "D:\\Programms\\Unity Test\\Blimps\\RoboKnights\\venv\\Scripts\\mlagents-learn config/RoboHandBig.yaml --run-id=fatty4 --initialize-from=fatty3 --force",
        "mlagents_version": "0.30.0",
        "mlagents_envs_version": "0.30.0",
        "communication_protocol_version": "1.5.0",
        "pytorch_version": "2.3.0+cu118",
        "numpy_version": "1.21.2",
        "end_time_seconds": "1716828810"
    },
    "total": 1930.7617531,
    "count": 1,
    "self": 0.011525200000050972,
    "children": {
        "run_training.setup": {
            "total": 0.10870069999999998,
            "count": 1,
            "self": 0.10870069999999998
        },
        "TrainerController.start_learning": {
            "total": 1930.6415272,