{
    "name": "root",
    "gauges": {
        "RoboHand.Policy.Entropy.mean": {
            "value": 0.9416178464889526,
            "min": 0.941292941570282,
            "max": 0.9614665508270264,
            "count": 10
        },
        "RoboHand.Policy.Entropy.sum": {
            "value": 94086.453125,
            "min": 94085.1875,
            "max": 96685.078125,
            "count": 10
        },
        "RoboHand.Environment.EpisodeLength.mean": {
            "value": 288.5664739884393,
            "min": 275.8011049723757,
            "max": 288.5664739884393,
            "count": 10
        },
        "RoboHand.Environment.EpisodeLength.sum": {
            "value": 99844.0,
            "min": 97145.0,
            "max": 100045.0,
            "count": 10
        },
        "RoboHand.Step.mean": {
            "value": 999964.0,
            "min": 99952.0,
            "max": 999964.0,
            "count": 10
        },
        "RoboHand.Step.sum": {
            "value": 999964.0,
            "min": 99952.0,
            "max": 999964.0,
            "count": 10
        },
        "RoboHand.Policy.ExtrinsicValueEstimate.mean": {
            "value": 321.3021545410156,
            "min": 200.63955688476562,
            "max": 325.6905517578125,
            "count": 10
        },
        "RoboHand.Policy.ExtrinsicValueEstimate.sum": {
            "value": 539145.0,
            "min": 335870.625,
            "max": 546183.0625,
            "count": 10
        },
        "RoboHand.Policy.GailValueEstimate.mean": {
            "value": 0.010628923773765564,
            "min": -6.851539134979248,
            "max": 0.13944534957408905,
            "count": 10
        },
        "RoboHand.Policy.GailValueEstimate.sum": {
            "value": 17.83533477783203,
            "min": -11469.4765625,
            "max": 233.57095336914062,
            "count": 10
        },
        "RoboHand.Environment.CumulativeReward.mean": {
            "value": 798.7940392868022,
            "min": 471.1768851103288,
            "max": 798.7940392868022,
            "count": 10
        },
        "RoboHand.Environment.CumulativeReward.sum": {
            "value": 276382.7375932336,
            "min": 163498.3791332841,
            "max": 276382.7375932336,
            "count": 10
        },
        "RoboHand.Policy.ExtrinsicReward.mean": {
            "value": 798.7940392868022,
            "min": 471.1768851103288,
            "max": 798.7940392868022,
            "count": 10
        },
        "RoboHand.Policy.ExtrinsicReward.sum": {
            "value": 276382.7375932336,
            "min": 163498.3791332841,
            "max": 276382.7375932336,
            "count": 10
        },
        "RoboHand.Policy.GailReward.mean": {
            "value": 0.10540143837097486,
            "min": 0.10013101121711027,
            "max": 0.17440739422613857,
            "count": 10
        },
        "RoboHand.Policy.GailReward.sum": {
            "value": 36.4688976763573,
            "min": 35.24611594842281,
            "max": 60.51936579647008,
            "count": 10
        },
        "RoboHand.Losses.PolicyLoss.mean": {
            "value": 0.024939569539468114,
            "min": 0.021954582292743944,
            "max": 0.024939569539468114,
            "count": 10
        },
        "RoboHand.Losses.PolicyLoss.sum": {
            "value": 0.24939569539468115,
            "min": 0.1975912406346955,
            "max": 0.24939569539468115,
            "count": 10
        },
        "RoboHand.Losses.ValueLoss.mean": {
            "value": 321.95184387207036,
            "min": 278.73239138285317,
            "max": 497.562738494873,
            "count": 10
        },
        "RoboHand.Losses.ValueLoss.sum": {
            "value": 3219.5184387207037,
            "min": 2522.1836041768397,
            "max": 4975.62738494873,
            "count": 10
        },
        "RoboHand.Policy.LearningRate.mean": {
            "value": 1.4058725313789998e-05,
            "min": 1.4058725313789998e-05,
            "max": 0.00028429887190037774,
            "count": 10
        },
        "RoboHand.Policy.LearningRate.sum": {
            "value": 0.00014058725313789998,
            "min": 0.00014058725313789998,
            "max": 0.0025586898471034,
            "count": 10
        },
        "RoboHand.Policy.Epsilon.mean": {
            "value": 0.10468621,
            "min": 0.10468621,
            "max": 0.19476628888888886,
            "count": 10
        },
        "RoboHand.Policy.Epsilon.sum": {
            "value": 1.0468621,
            "min": 1.0468621,
            "max": 1.8493735,
            "count": 10
        },
        "RoboHand.Policy.Beta.mean": {
            "value": 0.0005000000000000002,
            "min": 0.0005000000000000001,
            "max": 0.0005000000000000002,
            "count": 10
        },
        "RoboHand.Policy.Beta.sum": {
            "value": 0.005000000000000002,
            "min": 0.004500000000000001,
            "max": 0.005000000000000002,
            "count": 10
        },
        "RoboHand.Policy.GAILPolicyEstimate.mean": {
            "value": 0.25036828344066936,
            "min": 0.25036828344066936,
            "max": 0.4255793422460556,
            "count": 10
        },
        "RoboHand.Policy.GAILPolicyEstimate.sum": {
            "value": 2.5036828344066935,
            "min": 2.5036828344066935,
            "max": 3.8302140802145,
            "count": 10
        },
        "RoboHand.Policy.GAILExpertEstimate.mean": {
            "value": 0.7040713606278102,
            "min": 0.5731935547457803,
            "max": 0.7040713606278102,
            "count": 10
        },
        "RoboHand.Policy.GAILExpertEstimate.sum": {
            "value": 7.040713606278102,
            "min": 5.158741992712022,
            "max": 7.040713606278102,
            "count": 10
        },
        "RoboHand.Losses.GAILLoss.mean": {
            "value": 0.7264536092678705,
            "min": 0.7264536092678705,
            "max": 1.227534074253506,
            "count": 10
        },
        "RoboHand.Losses.GAILLoss.sum": {
            "value": 7.264536092678705,
            "min": 7.264536092678705,
            "max": 11.047806668281554,
            "count": 10
        },
        "RoboHand.Policy.GAILGradMagLoss.mean": {
            "value": 0.06003851151714722,
            "min": 0.05897485647350549,
            "max": 2.4313518062233928,
            "count": 10
        },
        "RoboHand.Policy.GAILGradMagLoss.sum": {
            "value": 0.6003851151714722,
            "min": 0.5631702221930027,
            "max": 21.882166256010535,
            "count": 10
        },
        "RoboHand.IsTraining.mean": {
            "value": 1.0,
            "min": 1.0,
            "max": 1.0,
            "count": 10
        },
        "RoboHand.IsTraining.sum": {
            "value": 1.0,
            "min": 1.0,
            "max": 1.0,
            "count": 10
        }
    },
    "metadata": {
        "timer_format_version": "0.1.0",
        "start_time_seconds": "1716928181",
        "python_version": "3.9.13 (tags/v3.9.13:6de2ca5, May 17 2022, 16:36:42) [MSC v.1929 64 bit (AMD64)]",
        "command_line_arguments": "D:\\Programms\\Unity Test\\Blimps\\RoboKnights\\venv\\Scripts\\mlagents-learn config/RoboHandBig.yaml --run-id=fatty28 --initialize-from=fatty27",
        "mlagents_version": "0.30.0",
        "mlagents_envs_version": "0.30.0",
        "communication_protocol_version": "1.5.0",
        "pytorch_version": "2.3.0+cu118",
        "numpy_version": "1.21.2",
        "end_time_seconds": "1716930789"
    },
    "total": 2608.6778924,
    "count": 1,
    "self": 0.012042600000313541,
    "children": {
        "run_training.setup": {
            "total": 0.23441720000000021,
            "count": 1,
            "self": 0.23441720000000021
        },
        "TrainerController.start_learning": {
            "total": 2608.4314326,
            "count": 1,