{
    "name": "root",
    "gauges": {
        "RoboHand.Policy.Entropy.mean": {
            "value": 0.9780804514884949,
            "min": 0.9780804514884949,
            "max": 0.9818154573440552,
            "count": 9
        },
        "RoboHand.Policy.Entropy.sum": {
            "value": 98019.3125,
            "min": 97673.234375,
            "max": 98558.5625,
            "count": 9
        },
        "RoboHand.Step.mean": {
            "value": 899976.0,
            "min": 99936.0,
            "max": 899976.0,
            "count": 9
        },
        "RoboHand.Step.sum": {
            "value": 899976.0,
            "min": 99936.0,
            "max": 899976.0,
            "count": 9
        },
        "RoboHand.Policy.ExtrinsicValueEstimate.mean": {
            "value": 4.820384979248047,
            "min": 3.737126350402832,
            "max": 5.399427890777588,
            "count": 9
        },
        "RoboHand.Policy.ExtrinsicValueEstimate.sum": {
            "value": 8045.22265625,
            "min": 6222.3154296875,
            "max": 9006.24609375,
            "count": 9
        },
        "RoboHand.Environment.EpisodeLength.mean": {
            "value": 298.7857142857143,
            "min": 298.7857142857143,
            "max": 298.8095238095238,
            "count": 9
        },
        "RoboHand.Environment.EpisodeLength.sum": {
            "value": 100392.0,
            "min": 98008.0,
            "max": 100400.0,
            "count": 9
        },
        "RoboHand.Environment.CumulativeReward.mean": {
            "value": 11.617594162537163,
            "min": 9.887826373681381,
            "max": 14.85416887591349,
            "count": 9
        },
        "RoboHand.Environment.CumulativeReward.sum": {
            "value": 3903.5116386124864,
            "min": 3243.207050567493,
            "max": 4991.000742306933,
            "count": 9
        },
        "RoboHand.Policy.ExtrinsicReward.mean": {
            "value": 11.617594162537163,
            "min": 9.887826373681381,
            "max": 14.85416887591349,
            "count": 9
        },
        "RoboHand.Policy.ExtrinsicReward.sum": {
            "value": 3903.5116386124864,
            "min": 3243.207050567493,
            "max": 4991.000742306933,
            "count": 9
        },
        "RoboHand.Losses.PolicyLoss.mean": {
            "value": 0.02366047389407564,
            "min": 0.022454404686965673,
            "max": 0.025233916945203588,
            "count": 9
        },
        "RoboHand.Losses.PolicyLoss.sum": {
            "value": 0.23660473894075643,
            "min": 0.2047078928180175,
            "max": 0.23951056868124096,
            "count": 9
        },
        "RoboHand.Losses.ValueLoss.mean": {
            "value": 0.6893382500608762,
            "min": 0.06753181695110268,
            "max": 0.6893382500608762,
            "count": 9
        },
        "RoboHand.Losses.ValueLoss.sum": {
            "value": 6.893382500608762,
            "min": 0.6077863525599241,
            "max": 6.893382500608762,
            "count": 9
        },
        "RoboHand.Policy.LearningRate.mean": {
            "value": 4.5125604958159995e-05,
            "min": 4.5125604958159995e-05,
            "max": 0.000284148005284,
            "count": 9
        },
        "RoboHand.Policy.LearningRate.sum": {
            "value": 0.0004512560495816,
            "min": 0.0004512560495816,
            "max": 0.0025573320475559998,
            "count": 9
        },
        "RoboHand.Policy.Epsilon.mean": {
            "value": 0.11504183999999999,
            "min": 0.11504183999999999,
            "max": 0.194716,
            "count": 9
        },
        "RoboHand.Policy.Epsilon.sum": {
            "value": 1.1504184,
            "min": 1.1256048,
            "max": 1.7524440000000001,
            "count": 9
        },
        "RoboHand.Policy.Beta.mean": {
            "value": 0.0005000000000000002,
            "min": 0.0005000000000000001,
            "max": 0.0005000000000000002,
            "count": 9
        },
        "RoboHand.Policy.Beta.sum": {
            "value": 0.005000000000000002,
            "min": 0.004500000000000001,
            "max": 0.005000000000000002,
            "count": 9
        },
        "RoboHand.IsTraining.mean": {
            "value": 1.0,
            "min": 1.0,
            "max": 1.0,
            "count": 9
        },
        "RoboHand.IsTraining.sum": {
            "value": 1.0,
            "min": 1.0,
            "max": 1.0,
            "count": 9
        }
    },
    "metadata": {
        "timer_format_version": "0.1.0",
        "start_time_seconds": "1716111760",
        "python_version": "3.9.13 (tags/v3.9.13:6de2ca5, May 17 2022, 16:36:42) [MSC v.1929 64 bit (AMD64)]",
        "command_line_arguments": "D:\\Programms\\Unity Test\\Blimps\\RoboKnights\\venv\\Scripts\\mlagents-learn config\\RoboHand.yaml --run-id=configtry --initialize-from=configtry --force",
        "mlagents_version": "0.30.0",
        "mlagents_envs_version": "0.30.0",
        "communication_protocol_version": "1.5.0",
        "pytorch_version": "2.3.0+cu118",
        "numpy_version": "1.21.2",
        "end_time_seconds": "1716113530"
    },
    "total": 1769.9106818,
    "count": 1,
    "self": 0.005908699999963574,
    "children": {
        "run_training.setup": {
            "total": 0.10813279999999992,
            "count": 1,
            "self": 0.10813279999999992
        },
        "TrainerController.start_learning": {
            "total": 1769.7966403,
            "count": 1,
            "self": 2.2784453000263056,
            "children": {
                "TrainerController._reset_env": {
                    "total": 12.926565,
                    "count": 1,
                    "self": 12.926565
                },
                "TrainerController.advance": {
                    "total": 1754.4469765999736,
                    "count": 119746,
                    "self": 2.28061559992625,
                    "children": {
                        "env_step": {
                            "total": 1490.0457755000539,
                            "count": 119746,
                            "self": 1168.385075100057,
                            "children": {
                                "SubprocessEnvManager._take_step": {
                                    "total": 320.08789149999916,
                                    "count": 119746,
                                    "self": 8.378105599985531,
                                    "children": {
                                        "TorchPolicy.evaluate": {
                                            "total": 311.7097859000136,
                                            "count": 119427,
                                            "self": 311.7097859000136
                                        }
                                    }
                                },
                                "workers": {
                                    "total": 1.57280889999765,
                                    "count": 119745,
                                    "self": 0.0,
                                    "children": {
                                        "worker_root": {
                                            "total": 1692.4424583000277,
                                            "count": 119745,
                                            "is_parallel": true,
                                            "self": 710.2248989000402,
                                            "children": {
                                                "steps_from_proto": {
                                                    "total": 0.00031549999999924694,
                                                    "count": 1,
                                                    "is_parallel": true,
                                                    "self": 0.00010389999999738109,