{
    "name": "root",
    "gauges": {
        "RoboHand.Policy.Entropy.mean": {
            "value": 1.3040028810501099,
            "min": 1.3026307821273804,
            "max": 1.308239459991455,
            "count": 10
        },
        "RoboHand.Policy.Entropy.sum": {
            "value": 130410.71875,
            "min": 130200.5546875,
            "max": 131121.640625,
            "count": 10
        },
        "RoboHand.Step.mean": {
            "value": 999961.0,
            "min": 99978.0,
            "max": 999961.0,
            "count": 10
        },
        "RoboHand.Step.sum": {
            "value": 999961.0,
            "min": 99978.0,
            "max": 999961.0,
            "count": 10
        },
        "RoboHand.Policy.ExtrinsicValueEstimate.mean": {
            "value": 37.18409729003906,
            "min": 3.30993390083313,
            "max": 37.18409729003906,
            "count": 10
        },
        "RoboHand.Policy.ExtrinsicValueEstimate.sum": {
            "value": 62320.546875,
            "min": 5597.09814453125,
            "max": 62320.546875,
            "count": 10
        },
        "RoboHand.Policy.GailValueEstimate.mean": {
            "value": 0.27834898233413696,
            "min": 0.24037116765975952,
            "max": 0.4625649154186249,
            "count": 10
        },
        "RoboHand.Policy.GailValueEstimate.sum": {
            "value": 466.51287841796875,
            "min": 403.58319091796875,
            "max": 773.87109375,
            "count": 10
        },
        "RoboHand.Environment.EpisodeLength.mean": {
            "value": 285.68390804597703,
            "min": 269.23433242506815,
            "max": 292.00295857988164,
            "count": 10
        },
        "RoboHand.Environment.EpisodeLength.sum": {
            "value": 99418.0,
            "min": 98296.0,
            "max": 100350.0,
            "count": 10
        },
        "RoboHand.Environment.CumulativeReward.mean": {
            "value": 90.81483539014143,
            "min": 2.20314330016377,
            "max": 90.81483539014143,
            "count": 10
        },
        "RoboHand.Environment.CumulativeReward.sum": {
            "value": 31694.377551159356,
            "min": 808.5535911601037,
            "max": 31694.377551159356,
            "count": 10
        },
        "RoboHand.Policy.ExtrinsicReward.mean": {
            "value": 90.81483539014143,
            "min": 2.20314330016377,
            "max": 90.81483539014143,
            "count": 10
        },
        "RoboHand.Policy.ExtrinsicReward.sum": {
            "value": 31694.377551159356,
            "min": 808.5535911601037,
            "max": 31694.377551159356,
            "count": 10
        },
        "RoboHand.Policy.GailReward.mean": {
            "value": 1.0768481830193384,
            "min": 1.0768481830193384,
            "max": 1.5506702859020987,
            "count": 10
        },
        "RoboHand.Policy.GailReward.sum": {
            "value": 375.82001587374907,
            "min": 375.82001587374907,
            "max": 536.5319189221261,
            "count": 10
        },
        "RoboHand.Losses.PolicyLoss.mean": {
            "value": 0.025117972857794178,
            "min": 0.022989223705068673,
            "max": 0.025700820353220615,
            "count": 10
        },
        "RoboHand.Losses.PolicyLoss.sum": {
            "value": 0.2511797285779418,
            "min": 0.21979904322094324,
            "max": 0.2511797285779418,
            "count": 10
        },
        "RoboHand.Losses.ValueLoss.mean": {
            "value": 16.013319001992546,
            "min": 3.5523521381947725,
            "max": 17.05942677974701,
            "count": 10
        },
        "RoboHand.Losses.ValueLoss.sum": {
            "value": 160.13319001992545,
            "min": 31.971169243752954,
            "max": 170.5942677974701,
            "count": 10
        },
        "RoboHand.Policy.LearningRate.mean": {
            "value": 1.448847517054001e-05,
            "min": 1.448847517054001e-05,
            "max": 0.0002843514385495221,
            "count": 10
        },
        "RoboHand.Policy.LearningRate.sum": {
            "value": 0.0001448847517054001,
            "min": 0.0001448847517054001,
            "max": 0.002559162946945699,
            "count": 10
        },
        "RoboHand.Policy.Epsilon.mean": {
            "value": 0.10482946,
            "min": 0.10482946,
            "max": 0.1947838111111111,
            "count": 10
        },
        "RoboHand.Policy.Epsilon.sum": {
            "value": 1.0482946,
            "min": 1.0482946,
            "max": 1.8501508000000004,
            "count": 10
        },
        "RoboHand.Policy.Beta.mean": {
            "value": 0.0005000000000000002,
            "min": 0.0005000000000000001,
            "max": 0.0005000000000000002,
            "count": 10
        },
        "RoboHand.Policy.Beta.sum": {
            "value": 0.005000000000000002,
            "min": 0.004500000000000001,
            "max": 0.005000000000000002,
            "count": 10
        },
        "RoboHand.Policy.GAILPolicyEstimate.mean": {
            "value": 0.09330691489080588,
            "min": 0.08424078270241067,
            "max": 0.12768240231606695,
            "count": 10
        },
        "RoboHand.Policy.GAILPolicyEstimate.sum": {
            "value": 0.9330691489080588,
            "min": 0.758167044321696,
            "max": 1.1525764336188635,
            "count": 10
        },
        "RoboHand.Policy.GAILExpertEstimate.mean": {
            "value": 0.8866689195235571,
            "min": 0.8736923036751923,
            "max": 0.904764786031511,
            "count": 10
        },
        "RoboHand.Policy.GAILExpertEstimate.sum": {
            "value": 8.86668919523557,
            "min": 7.8632307330767315,
            "max": 9.009216181437175,
            "count": 10
        },
        "RoboHand.Losses.GAILLoss.mean": {
            "value": 0.25991978267828625,
            "min": 0.2210942597300918,
            "max": 0.3218787518916307,
            "count": 10
        },
        "RoboHand.Losses.GAILLoss.sum": {
            "value": 2.5991978267828624,
            "min": 1.9898483375708262,
            "max": 2.988024326662222,
            "count": 10
        },
        "RoboHand.Policy.GAILGradMagLoss.mean": {
            "value": 0.0570022119830052,
            "min": 0.054799380581136106,
            "max": 0.0736802710344394,
            "count": 10
        },
        "RoboHand.Policy.GAILGradMagLoss.sum": {
            "value": 0.570022119830052,
            "min": 0.49319442523022494,
            "max": 0.736802710344394,
            "count": 10
        },
        "RoboHand.IsTraining.mean": {
            "value": 1.0,
            "min": 1.0,
            "max": 1.0,
            "count": 10
        },
        "RoboHand.IsTraining.sum": {
            "value": 1.0,
            "min": 1.0,
            "max": 1.0,
            "count": 10
        }
    },
    "metadata": {
        "timer_format_version": "0.1.0",
        "start_time_seconds": "1716671685",
        "python_version": "3.9.13 (tags/v3.9.13:6de2ca5, May 17 2022, 16:36:42) [MSC v.1929 64 bit (AMD64)]",
        "command_line_arguments": "D:\\Programms\\Unity Test\\Blimps\\RoboKnights\\venv\\Scripts\\mlagents-learn config/RoboHand.yaml --run-id=super10 --initialize-from=super9 --force",
        "mlagents_version": "0.30.0",
        "mlagents_envs_version": "0.30.0",
        "communication_protocol_version": "1.5.0",
        "pytorch_version": "2.3.0+cu118",
        "numpy_version": "1.21.2",
        "end_time_seconds": "1716674176"
    },
    "total": 2490.9894855999996,
    "count": 1,
    "self": 0.012528199999451317,
    "children": {
        "run_training.setup": {
            "total": 0.11042150000000017,
            "count": 1,
            "self": 0.11042150000000017
        },