{
    "name": "root",
    "gauges": {
        "RoboHand.Policy.Entropy.mean": {
            "value": 0.9892027974128723,
            "min": 0.982286810874939,
            "max": 0.9892027974128723,
            "count": 10
        },
        "RoboHand.Policy.Entropy.sum": {
            "value": 98872.796875,
            "min": 98264.6171875,
            "max": 99313.125,
            "count": 10
        },
        "RoboHand.Environment.EpisodeLength.mean": {
            "value": 281.0676056338028,
            "min": 268.03753351206433,
            "max": 281.0676056338028,
            "count": 10
        },
        "RoboHand.Environment.EpisodeLength.sum": {
            "value": 99779.0,
            "min": 96642.0,
            "max": 100521.0,
            "count": 10
        },
        "RoboHand.Step.mean": {
            "value": 999965.0,
            "min": 99942.0,
            "max": 999965.0,
            "count": 10
        },
        "RoboHand.Step.sum": {
            "value": 999965.0,
            "min": 99942.0,
            "max": 999965.0,
            "count": 10
        },
        "RoboHand.Policy.ExtrinsicValueEstimate.mean": {
            "value": 543.84521484375,
            "min": 476.94921875,
            "max": 584.6923217773438,
            "count": 10
        },
        "RoboHand.Policy.ExtrinsicValueEstimate.sum": {
            "value": 912028.375,
            "min": 801751.625,
            "max": 977605.5625,
            "count": 10
        },
        "RoboHand.Policy.GailValueEstimate.mean": {
            "value": -0.038326188921928406,
            "min": -0.09118811786174774,
            "max": 0.15518006682395935,
            "count": 10
        },
        "RoboHand.Policy.GailValueEstimate.sum": {
            "value": -64.27301788330078,
            "min": -153.37841796875,
            "max": 261.4784240722656,
            "count": 10
        },
        "RoboHand.Environment.CumulativeReward.mean": {
            "value": 1247.5730751836568,
            "min": 1077.783077344464,
            "max": 1247.5730751836568,
            "count": 10
        },
        "RoboHand.Environment.CumulativeReward.sum": {
            "value": 444136.0147653818,
            "min": 388001.907844007,
            "max": 444136.0147653818,
            "count": 10
        },
        "RoboHand.Policy.ExtrinsicReward.mean": {
            "value": 1247.5730751836568,
            "min": 1077.783077344464,
            "max": 1247.5730751836568,
            "count": 10
        },
        "RoboHand.Policy.ExtrinsicReward.sum": {
            "value": 444136.0147653818,
            "min": 388001.907844007,
            "max": 444136.0147653818,
            "count": 10
        },
        "RoboHand.Policy.GailReward.mean": {
            "value": 0.05982337426383494,
            "min": 0.05609287347866536,
            "max": 0.06021496395897852,
            "count": 10
        },
        "RoboHand.Policy.GailReward.sum": {
            "value": 21.29712123792524,
            "min": 20.12466163751469,
            "max": 21.8580319171092,
            "count": 10
        },
        "RoboHand.Losses.PolicyLoss.mean": {
            "value": 0.023011312749198015,
            "min": 0.021818004560906656,
            "max": 0.026296446869115846,
            "count": 10
        },
        "RoboHand.Losses.PolicyLoss.sum": {
            "value": 0.23011312749198015,
            "min": 0.20801745239296,
            "max": 0.26296446869115847,
            "count": 10
        },
        "RoboHand.Losses.ValueLoss.mean": {
            "value": 678.7264465840657,
            "min": 678.7264465840657,
            "max": 1523.3092664930555,
            "count": 10
        },
        "RoboHand.Losses.ValueLoss.sum": {
            "value": 6787.264465840657,
            "min": 6787.264465840657,
            "max": 13709.7833984375,
            "count": 10
        },
        "RoboHand.Policy.LearningRate.mean": {
            "value": 1.4314925228390006e-05,
            "min": 1.4314925228390006e-05,
            "max": 0.0002842316052561333,
            "count": 10
        },
        "RoboHand.Policy.LearningRate.sum": {
            "value": 0.00014314925228390006,
            "min": 0.00014314925228390006,
            "max": 0.0025580844473052,
            "count": 10
        },
        "RoboHand.Policy.Epsilon.mean": {
            "value": 0.10477161000000002,
            "min": 0.10477161000000002,
            "max": 0.19474386666666665,
            "count": 10
        },
        "RoboHand.Policy.Epsilon.sum": {
            "value": 1.0477161000000002,
            "min": 1.0477161000000002,
            "max": 1.8493283,
            "count": 10
        },
        "RoboHand.Policy.Beta.mean": {
            "value": 0.0005000000000000002,
            "min": 0.0005000000000000001,
            "max": 0.0005000000000000002,
            "count": 10
        },
        "RoboHand.Policy.Beta.sum": {
            "value": 0.005000000000000002,
            "min": 0.004500000000000001,
            "max": 0.005000000000000002,
            "count": 10
        },
        "RoboHand.Policy.GAILPolicyEstimate.mean": {
            "value": 0.14656129663189252,
            "min": 0.14405979536197802,
            "max": 0.1527926983932654,
            "count": 10
        },
        "RoboHand.Policy.GAILPolicyEstimate.sum": {
            "value": 1.4656129663189252,
            "min": 1.2965381582578022,
            "max": 1.527926983932654,
            "count": 10
        },
        "RoboHand.Policy.GAILExpertEstimate.mean": {
            "value": 0.8364281249046325,
            "min": 0.8287476936976115,
            "max": 0.8414490772618187,
            "count": 10
        },
        "RoboHand.Policy.GAILExpertEstimate.sum": {
            "value": 8.364281249046325,
            "min": 7.509934610128402,
            "max": 8.364281249046325,
            "count": 10
        },
        "RoboHand.Losses.GAILLoss.mean": {
            "value": 0.3919378109773,
            "min": 0.3865254724467242,
            "max": 0.4130343878269195,
            "count": 10
        },
        "RoboHand.Losses.GAILLoss.sum": {
            "value": 3.919378109773,
            "min": 3.4787292520205177,
            "max": 4.130343878269195,
            "count": 10
        },
        "RoboHand.Policy.GAILGradMagLoss.mean": {
            "value": 0.07361158603181442,
            "min": 0.06788316844652097,
            "max": 0.07361158603181442,
            "count": 10
        },
        "RoboHand.Policy.GAILGradMagLoss.sum": {
            "value": 0.7361158603181442,
            "min": 0.6142019564906755,
            "max": 0.7361158603181442,
            "count": 10
        },
        "RoboHand.IsTraining.mean": {
            "value": 1.0,
            "min": 1.0,
            "max": 1.0,
            "count": 10
        },
        "RoboHand.IsTraining.sum": {
            "value": 1.0,
            "min": 1.0,
            "max": 1.0,
            "count": 10
        }
    },
    "metadata": {
        "timer_format_version": "0.1.0",
        "start_time_seconds": "1716977507",
        "python_version": "3.9.13 (tags/v3.9.13:6de2ca5, May 17 2022, 16:36:42) [MSC v.1929 64 bit (AMD64)]",
        "command_line_arguments": "D:\\Programms\\Unity Test\\Blimps\\RoboKnights\\venv\\Scripts\\mlagents-learn config/RoboHandBig.yaml --run-id=fatty36 --initialize-from=fatty35",
        "mlagents_version": "0.30.0",
        "mlagents_envs_version": "0.30.0",
        "communication_protocol_version": "1.5.0",
        "pytorch_version": "2.3.0+cu118",
        "numpy_version": "1.21.2",
        "end_time_seconds": "1716979420"
    },
    "total": 1913.2804557999998,
    "count": 1,
    "self": 0.009341499999891312,
    "children": {
        "run_training.setup": {
            "total": 0.1147537999999999,
            "count": 1,
            "self": 0.1147537999999999
        },