{
    "name": "root",
    "gauges": {
        "RoboHand.Policy.Entropy.mean": {
            "value": 0.9668774604797363,
            "min": 0.9521569609642029,
            "max": 0.9674798250198364,
            "count": 10
        },
        "RoboHand.Policy.Entropy.sum": {
            "value": 96919.796875,
            "min": 95423.65625,
            "max": 96919.796875,
            "count": 10
        },
        "RoboHand.Step.mean": {
            "value": 999942.0,
            "min": 99998.0,
            "max": 999942.0,
            "count": 10
        },
        "RoboHand.Step.sum": {
            "value": 999942.0,
            "min": 99998.0,
            "max": 999942.0,
            "count": 10
        },
        "RoboHand.Policy.ExtrinsicValueEstimate.mean": {
            "value": 555.3760375976562,
            "min": 414.42547607421875,
            "max": 555.3760375976562,
            "count": 10
        },
        "RoboHand.Policy.ExtrinsicValueEstimate.sum": {
            "value": 926922.5625,
            "min": 696234.8125,
            "max": 926922.5625,
            "count": 10
        },
        "RoboHand.Policy.GailValueEstimate.mean": {
            "value": -0.03119237907230854,
            "min": -0.10402846336364746,
            "max": 0.05487241595983505,
            "count": 10
        },
        "RoboHand.Policy.GailValueEstimate.sum": {
            "value": -52.060081481933594,
            "min": -174.14364624023438,
            "max": 92.18566131591797,
            "count": 10
        },
        "RoboHand.Environment.EpisodeLength.mean": {
            "value": 286.61242603550295,
            "min": 265.05026455026456,
            "max": 287.4425287356322,
            "count": 10
        },
        "RoboHand.Environment.EpisodeLength.sum": {
            "value": 96875.0,
            "min": 96875.0,
            "max": 100273.0,
            "count": 10
        },
        "RoboHand.Environment.CumulativeReward.mean": {
            "value": 1514.4562353777462,
            "min": 922.8591773446292,
            "max": 1514.4562353777462,
            "count": 10
        },
        "RoboHand.Environment.CumulativeReward.sum": {
            "value": 511886.2075576782,
            "min": 336843.59973078966,
            "max": 511886.2075576782,
            "count": 10
        },
        "RoboHand.Policy.ExtrinsicReward.mean": {
            "value": 1514.4562353777462,
            "min": 922.8591773446292,
            "max": 1514.4562353777462,
            "count": 10
        },
        "RoboHand.Policy.ExtrinsicReward.sum": {
            "value": 511886.2075576782,
            "min": 336843.59973078966,
            "max": 511886.2075576782,
            "count": 10
        },
        "RoboHand.Policy.GailReward.mean": {
            "value": 0.06557804574456023,
            "min": 0.06128937611965479,
            "max": 0.06892847729404045,
            "count": 10
        },
        "RoboHand.Policy.GailReward.sum": {
            "value": 22.16537946166136,
            "min": 21.451281641879177,
            "max": 25.02103725773668,
            "count": 10
        },
        "RoboHand.Losses.PolicyLoss.mean": {
            "value": 0.02383036390432001,
            "min": 0.022324426297564058,
            "max": 0.025214275064515988,
            "count": 10
        },
        "RoboHand.Losses.PolicyLoss.sum": {
            "value": 0.23830363904320012,
            "min": 0.21482691657232256,
            "max": 0.24500078342146786,
            "count": 10
        },
        "RoboHand.Losses.ValueLoss.mean": {
            "value": 758.4481741333008,
            "min": 339.24384354273474,
            "max": 799.6866326226128,
            "count": 10
        },
        "RoboHand.Losses.ValueLoss.sum": {
            "value": 7584.481741333007,
            "min": 3392.4384354273475,
            "max": 7884.1759363810215,
            "count": 10
        },
        "RoboHand.Policy.LearningRate.mean": {
            "value": 1.4308175230639997e-05,
            "min": 1.4308175230639997e-05,
            "max": 0.00028429190523603337,
            "count": 10
        },
        "RoboHand.Policy.LearningRate.sum": {
            "value": 0.00014308175230639996,
            "min": 0.00014308175230639996,
            "max": 0.0025586271471243,
            "count": 10
        },
        "RoboHand.Policy.Epsilon.mean": {
            "value": 0.10476936,
            "min": 0.10476936,
            "max": 0.19476396666666668,
            "count": 10
        },
        "RoboHand.Policy.Epsilon.sum": {
            "value": 1.0476936000000001,
            "min": 1.0476936000000001,
            "max": 1.8498668,
            "count": 10
        },
        "RoboHand.Policy.Beta.mean": {
            "value": 0.0005000000000000002,
            "min": 0.0005000000000000001,
            "max": 0.0005000000000000002,
            "count": 10
        },
        "RoboHand.Policy.Beta.sum": {
            "value": 0.005000000000000002,
            "min": 0.004500000000000001,
            "max": 0.005000000000000002,
            "count": 10
        },
        "RoboHand.Policy.GAILPolicyEstimate.mean": {
            "value": 0.15893884812792142,
            "min": 0.15893884812792142,
            "max": 0.16789901962986697,
            "count": 10
        },
        "RoboHand.Policy.GAILPolicyEstimate.sum": {
            "value": 1.5893884812792143,
            "min": 1.4461294045050939,
            "max": 1.6658143758773807,
            "count": 10
        },
        "RoboHand.Policy.GAILExpertEstimate.mean": {
            "value": 0.8201954658826193,
            "min": 0.8121196136871974,
            "max": 0.8201954658826193,
            "count": 10
        },
        "RoboHand.Policy.GAILExpertEstimate.sum": {
            "value": 8.201954658826192,
            "min": 7.313991834719976,
            "max": 8.201954658826192,
            "count": 10
        },
        "RoboHand.Losses.GAILLoss.mean": {
            "value": 0.43160460770130155,
            "min": 0.43160460770130155,
            "max": 0.4536777860919635,
            "count": 10
        },
        "RoboHand.Losses.GAILLoss.sum": {
            "value": 4.316046077013016,
            "min": 3.9311283906300867,
            "max": 4.536777860919635,
            "count": 10
        },
        "RoboHand.Policy.GAILGradMagLoss.mean": {
            "value": 0.06931444702049096,
            "min": 0.06717382404539321,
            "max": 0.07125167109072209,
            "count": 10
        },
        "RoboHand.Policy.GAILGradMagLoss.sum": {
            "value": 0.6931444702049095,
            "min": 0.6045644164085389,
            "max": 0.7125167109072209,
            "count": 10
        },
        "RoboHand.IsTraining.mean": {
            "value": 1.0,
            "min": 1.0,
            "max": 1.0,
            "count": 10
        },
        "RoboHand.IsTraining.sum": {
            "value": 1.0,
            "min": 1.0,
            "max": 1.0,
            "count": 10
        }
    },
    "metadata": {
        "timer_format_version": "0.1.0",
        "start_time_seconds": "1716973427",
        "python_version": "3.9.13 (tags/v3.9.13:6de2ca5, May 17 2022, 16:36:42) [MSC v.1929 64 bit (AMD64)]",
        "command_line_arguments": "D:\\Programms\\Unity Test\\Blimps\\RoboKnights\\venv\\Scripts\\mlagents-learn config/RoboHandBig.yaml --run-id=fatty34 --initialize-from=fatty33",
        "mlagents_version": "0.30.0",
        "mlagents_envs_version": "0.30.0",
        "communication_protocol_version": "1.5.0",
        "pytorch_version": "2.3.0+cu118",
        "numpy_version": "1.21.2",
        "end_time_seconds": "1716975323"
    },
    "total": 1896.5286952000001,
    "count": 1,
    "self": 0.009187800000063362,
    "children": {
        "run_training.setup": {
            "total": 0.16457390000000016,
            "count": 1,
            "self": 0.16457390000000016
        },