{"count":1,"self":1372.8038912,"total":2224.0442785,"children":{"InitializeActuators":{"count":16,"self":0.0019997,"total":0.0019997,"children":null},"InitializeSensors":{"count":16,"self":0.0020005,"total":0.0020005,"children":null},"AgentSendState":{"count":271534,"self":9.9153472,"total":51.884856799999994,"children":{"CollectObservations":{"count":868912,"self":7.4034296,"total":7.4034293999999994,"children":null},"WriteActionMask":{"count":868912,"self":1.9969526,"total":1.9969526,"children":null},"RequestDecision":{"count":868912,"self":7.1165959999999995,"total":32.569127699999996,"children":{"AgentInfo.ToProto":{"count":868912,"self":6.5926551999999994,"total":25.452531399999998,"children":{"GenerateSensorData":{"count":868912,"self":18.8598768,"total":18.859876099999997,"children":null}}}}}}},"DecideAction":{"count":271534,"self":747.78977279999992,"total":747.7897671,"children":null},"AgentAct":{"count":271534,"self":51.414912,"total":51.5574678,"children":{"AgentInfo.ToProto":{"count":2601,"self":0.0350371,"total":0.1425571,"children":{"GenerateSensorData":{"count":2601,"self":0.10751999999999999,"total":0.10751999999999999,"children":null}}}}},"AgentInfo.ToProto":{"count":50,"self":0.0010004,"total":0.0043241999999999994,"children":{"GenerateSensorData":{"count":50,"self":0.0033238,"total":0.0033238,"children":null}}}},"gauges":{"RoboHand.CumulativeReward":{"count":2651,"max":278.284851,"min":-249.826645,"runningAverage":-83.6571,"value":-64.97708,"weightedAverage":-83.06248}},"metadata":{"timer_format_version":"0.1.0","start_time_seconds":"1716815467","unity_version":"2020.3.28f1","command_line_arguments":"D:\\Programms\\Unity editor\\2020.3.28f1\\Editor\\Unity.exe -projectpath D:\\Programms\\Unity Test\\Blimps\\RoboKnights -useHub -hubIPC -cloudEnvironment production -licensingIpc LicenseClient-Tomil -hubSessionId 5543ea70-1bf0-11ef-b671-37bb385b2f4a -accessToken ZR2GBOQviRo33nWjBjKj4JKWsIRbX6IXNpGofUHw-dY009f","communication_protocol_version":"1.5.0","com.unity.ml-agents_version":"2.0.0","scene_name":"SampleScene","end_time_seconds":"1716817691"}}