{"count":1,"self":1034.4328192,"total":2418.4743724,"children":{"InitializeActuators":{"count":8,"self":0.0020003,"total":0.0020003,"children":null},"InitializeSensors":{"count":8,"self":0.0010000999999999999,"total":0.0010000999999999999,"children":null},"AgentSendState":{"count":620884,"self":12.8476456,"total":63.2425966,"children":{"CollectObservations":{"count":993416,"self":9.0193719999999988,"total":9.0193722999999988,"children":null},"WriteActionMask":{"count":993416,"self":2.1449838,"total":2.1449838,"children":null},"RequestDecision":{"count":993416,"self":8.4545888,"total":39.230595199999996,"children":{"AgentInfo.ToProto":{"count":993416,"self":7.4431936,"total":30.776006799999998,"children":{"GenerateSensorData":{"count":993416,"self":23.3328128,"total":23.3328134,"children":null}}}}}}},"DecideAction":{"count":620884,"self":1260.5603839999999,"total":1260.5604300999998,"children":null},"AgentAct":{"count":620884,"self":60.042432,"total":60.182480999999996,"children":{"AgentInfo.ToProto":{"count":2644,"self":0.0400164,"total":0.1400468,"children":{"GenerateSensorData":{"count":2644,"self":0.10003039999999999,"total":0.10003039999999999,"children":null}}}}},"AgentInfo.ToProto":{"count":931,"self":0.0099968,"total":0.0520005,"children":{"GenerateSensorData":{"count":931,"self":0.0420037,"total":0.0420037,"children":null}}}},"gauges":{"RoboHand.CumulativeReward":{"count":3575,"max":239.782013,"min":-3.00130458E+09,"runningAverage":-839451.563,"value":17.4667625,"weightedAverage":89.36925}},"metadata":{"timer_format_version":"0.1.0","start_time_seconds":"1716674234","unity_version":"2020.3.28f1","command_line_arguments":"D:\\Programms\\Unity editor\\2020.3.28f1\\Editor\\Unity.exe -projectpath D:\\Programms\\Unity Test\\Blimps\\RoboKnights -useHub -hubIPC -cloudEnvironment production -licensingIpc LicenseClient-Tomil -hubSessionId e5d11fa0-1a78-11ef-b083-9be78fcb7074 -accessToken HKGPvRTXafO7uQOCp--CWTeavPbb9iq7xMpZCo4mvno009f","communication_protocol_version":"1.5.0","com.unity.ml-agents_version":"2.0.0","scene_name":"SampleScene","end_time_seconds":"1716676652"}}