{"count":1,"self":976.2386944,"total":2075.9944038,"children":{"InitializeActuators":{"count":16,"self":0.0020004,"total":0.0020004,"children":null},"InitializeSensors":{"count":16,"self":0.0020009,"total":0.0020009,"children":null},"AgentSendState":{"count":312651,"self":11.8125208,"total":61.2677287,"children":{"CollectObservations":{"count":1000496,"self":8.668051199999999,"total":8.668051,"children":null},"WriteActionMask":{"count":1000496,"self":2.3764203999999998,"total":2.3764203,"children":null},"RequestDecision":{"count":1000496,"self":8.6323464,"total":38.4107366,"children":{"AgentInfo.ToProto":{"count":1000496,"self":7.6371024,"total":29.778389899999997,"children":{"GenerateSensorData":{"count":1000496,"self":22.141288,"total":22.1412873,"children":null}}}}}}},"DecideAction":{"count":312651,"self":974.4169984,"total":974.41697149999993,"children":null},"AgentAct":{"count":312651,"self":63.8899264,"total":64.0409715,"children":{"AgentInfo.ToProto":{"count":3119,"self":0.0429963,"total":0.1510428,"children":{"GenerateSensorData":{"count":3119,"self":0.10804649999999999,"total":0.10804649999999999,"children":null}}}}},"AgentInfo.ToProto":{"count":456,"self":0.0030011,"total":0.025008299999999997,"children":{"GenerateSensorData":{"count":456,"self":0.022007199999999998,"total":0.022007199999999998,"children":null}}}},"gauges":{"RoboHand.CumulativeReward":{"count":3575,"max":1486.18433,"min":-151.574631,"runningAverage":782.323547,"value":1404.004,"weightedAverage":1069.36414}},"metadata":{"timer_format_version":"0.1.0","start_time_seconds":"1716930852","unity_version":"2020.3.28f1","command_line_arguments":"D:\\Programms\\Unity editor\\2020.3.28f1\\Editor\\Unity.exe -projectpath D:\\Programms\\Unity Test\\Blimps\\RoboKnights -useHub -hubIPC -cloudEnvironment production -licensingIpc LicenseClient-Tomil -hubSessionId 59d3aee0-1cb8-11ef-9a61-a7ed28440880 -accessToken XQzcTPlcsX-438-sGSMv3OP6Py32O1yY6KXLt1GHmWI009f","communication_protocol_version":"1.5.0","com.unity.ml-agents_version":"2.0.0","scene_name":"SampleScene","end_time_seconds":"1716932928"}}