{
    "name": "root",
    "gauges": {
        "RoboHand.Policy.Entropy.mean": {
            "value": 1.3872156143188477,
            "min": 1.3863226175308228,
            "max": 1.4128096103668213,
            "count": 10
        },
        "RoboHand.Policy.Entropy.sum": {
            "value": 138865.828125,
            "min": 138654.4375,
            "max": 141823.484375,
            "count": 10
        },
        "RoboHand.Step.mean": {
            "value": 999941.0,
            "min": 99994.0,
            "max": 999941.0,
            "count": 10
        },
        "RoboHand.Step.sum": {
            "value": 999941.0,
            "min": 99994.0,
            "max": 999941.0,
            "count": 10
        },
        "RoboHand.Policy.ExtrinsicValueEstimate.mean": {
            "value": -0.6367263793945312,
            "min": -8.901679039001465,
            "max": -0.468964546918869,
            "count": 10
        },
        "RoboHand.Policy.ExtrinsicValueEstimate.sum": {
            "value": -1062.6962890625,
            "min": -14839.099609375,
            "max": -785.046630859375,
            "count": 10
        },
        "RoboHand.Policy.GailValueEstimate.mean": {
            "value": 0.4964926540851593,
            "min": 0.2455475777387619,
            "max": 0.7494806051254272,
            "count": 10
        },
        "RoboHand.Policy.GailValueEstimate.sum": {
            "value": 828.646240234375,
            "min": 409.32781982421875,
            "max": 1257.87841796875,
            "count": 10
        },
        "RoboHand.Environment.EpisodeLength.mean": {
            "value": 297.89253731343285,
            "min": 262.44736842105266,
            "max": 298.5914634146341,
            "count": 10
        },
        "RoboHand.Environment.EpisodeLength.sum": {
            "value": 99794.0,
            "min": 97938.0,
            "max": 100562.0,
            "count": 10
        },
        "RoboHand.Environment.CumulativeReward.mean": {
            "value": -5.4294040740340765,
            "min": -78.55741579994763,
            "max": -5.4294040740340765,
            "count": 10
        },
        "RoboHand.Environment.CumulativeReward.sum": {
            "value": -1818.8503648014157,
            "min": -25766.832382382825,
            "max": -1818.8503648014157,
            "count": 10
        },
        "RoboHand.Policy.ExtrinsicReward.mean": {
            "value": -5.4294040740340765,
            "min": -78.55741579994763,
            "max": -5.4294040740340765,
            "count": 10
        },
        "RoboHand.Policy.ExtrinsicReward.sum": {
            "value": -1818.8503648014157,
            "min": -25766.832382382825,
            "max": -1818.8503648014157,
            "count": 10
        },
        "RoboHand.Policy.GailReward.mean": {
            "value": 1.2995524412229547,
            "min": 1.2995524412229547,
            "max": 4.185345980838487,
            "count": 10
        },
        "RoboHand.Policy.GailReward.sum": {
            "value": 435.3500678096898,
            "min": 435.3500678096898,
            "max": 1372.7934817150235,
            "count": 10
        },
        "RoboHand.Losses.PolicyLoss.mean": {
            "value": 0.024058245824912942,
            "min": 0.021895204514536696,
            "max": 0.025905111358964256,
            "count": 10
        },
        "RoboHand.Losses.PolicyLoss.sum": {
            "value": 0.2165242124242165,
            "min": 0.19705684063083026,
            "max": 0.25905111358964256,
            "count": 10
        },
        "RoboHand.Losses.ValueLoss.mean": {
            "value": 0.02624259616282803,
            "min": 0.02624259616282803,
            "max": 11.207325764938638,
            "count": 10
        },
        "RoboHand.Losses.ValueLoss.sum": {
            "value": 0.23618336546545227,
            "min": 0.23618336546545227,
            "max": 100.86593188444773,
            "count": 10
        },
        "RoboHand.Policy.LearningRate.mean": {
            "value": 1.5201261599611108e-05,
            "min": 1.5201261599611108e-05,
            "max": 0.00028415367194877775,
            "count": 10
        },
        "RoboHand.Policy.LearningRate.sum": {
            "value": 0.00013681135439649997,
            "min": 0.00013681135439649997,
            "max": 0.002557383047539,
            "count": 10
        },
        "RoboHand.Policy.Epsilon.mean": {
            "value": 0.10506705555555557,
            "min": 0.10506705555555557,
            "max": 0.19471788888888888,
            "count": 10
        },
        "RoboHand.Policy.Epsilon.sum": {
            "value": 0.9456035,
            "min": 0.9456035,
            "max": 1.8481210000000001,
            "count": 10
        },
        "RoboHand.Policy.Beta.mean": {
            "value": 0.0005000000000000001,
            "min": 0.0005000000000000001,
            "max": 0.0005000000000000002,
            "count": 10
        },
        "RoboHand.Policy.Beta.sum": {
            "value": 0.004500000000000001,
            "min": 0.004500000000000001,
            "max": 0.005000000000000002,
            "count": 10
        },
        "RoboHand.Policy.GAILPolicyEstimate.mean": {
            "value": 0.12527410788116633,
            "min": 0.12527410788116633,
            "max": 0.3108110430064025,
            "count": 10
        },
        "RoboHand.Policy.GAILPolicyEstimate.sum": {
            "value": 1.127466970930497,
            "min": 1.127466970930497,
            "max": 2.7972993870576226,
            "count": 10
        },
        "RoboHand.Policy.GAILExpertEstimate.mean": {
            "value": 0.8792798614060438,
            "min": 0.7172077925116928,
            "max": 0.8792798614060438,
            "count": 10
        },
        "RoboHand.Policy.GAILExpertEstimate.sum": {
            "value": 7.913518752654394,
            "min": 6.454870132605235,
            "max": 8.608376868565877,
            "count": 10
        },
        "RoboHand.Losses.GAILLoss.mean": {
            "value": 0.2947204567767956,
            "min": 0.2947204567767956,
            "max": 0.7714568061961068,
            "count": 10
        },
        "RoboHand.Losses.GAILLoss.sum": {
            "value": 2.65248411099116,
            "min": 2.65248411099116,
            "max": 6.943111255764961,
            "count": 10
        },
        "RoboHand.Policy.GAILGradMagLoss.mean": {
            "value": 0.0882349143701571,
            "min": 0.0882349143701571,
            "max": 2.5182004780681044,
            "count": 10
        },
        "RoboHand.Policy.GAILGradMagLoss.sum": {
            "value": 0.7941142293314138,
            "min": 0.7941142293314138,
            "max": 22.663804302612938,
            "count": 10
        },
        "RoboHand.IsTraining.mean": {
            "value": 1.0,
            "min": 1.0,
            "max": 1.0,
            "count": 10
        },
        "RoboHand.IsTraining.sum": {
            "value": 1.0,
            "min": 1.0,
            "max": 1.0,
            "count": 10
        }
    },
    "metadata": {
        "timer_format_version": "0.1.0",
        "start_time_seconds": "1716664192",
        "python_version": "3.9.13 (tags/v3.9.13:6de2ca5, May 17 2022, 16:36:42) [MSC v.1929 64 bit (AMD64)]",
        "command_line_arguments": "D:\\Programms\\Unity Test\\Blimps\\RoboKnights\\venv\\Scripts\\mlagents-learn config/RoboHand.yaml --run-id=super7 --force",
        "mlagents_version": "0.30.0",
        "mlagents_envs_version": "0.30.0",
        "communication_protocol_version": "1.5.0",
        "pytorch_version": "2.3.0+cu118",
        "numpy_version": "1.21.2",
        "end_time_seconds": "1716666732"
    },
    "total": 2540.3808305,
    "count": 1,
    "self": 0.011730199999874458,
    "children": {
        "run_training.setup": {
            "total": 0.10975019999999969,
            "count": 1,
            "self": 0.10975019999999969
        },