{
    "name": "root",
    "gauges": {
        "RoboHand.Policy.Entropy.mean": {
            "value": 0.9945735335350037,
            "min": 0.9906459450721741,
            "max": 0.9953837990760803,
            "count": 10
        },
        "RoboHand.Policy.Entropy.sum": {
            "value": 99441.4375,
            "min": 99064.59375,
            "max": 100127.6484375,
            "count": 10
        },
        "RoboHand.Step.mean": {
            "value": 999978.0,
            "min": 99977.0,
            "max": 999978.0,
            "count": 10
        },
        "RoboHand.Step.sum": {
            "value": 999978.0,
            "min": 99977.0,
            "max": 999978.0,
            "count": 10
        },
        "RoboHand.Policy.ExtrinsicValueEstimate.mean": {
            "value": 595.0726318359375,
            "min": 595.0726318359375,
            "max": 706.1514282226562,
            "count": 10
        },
        "RoboHand.Policy.ExtrinsicValueEstimate.sum": {
            "value": 1004482.5625,
            "min": 1004482.5625,
            "max": 1187746.75,
            "count": 10
        },
        "RoboHand.Policy.GailValueEstimate.mean": {
            "value": -0.006624769419431686,
            "min": -0.01067538745701313,
            "max": 0.09332577884197235,
            "count": 10
        },
        "RoboHand.Policy.GailValueEstimate.sum": {
            "value": -11.182610511779785,
            "min": -17.95600128173828,
            "max": 158.00054931640625,
            "count": 10
        },
        "RoboHand.Environment.EpisodeLength.mean": {
            "value": 267.4728260869565,
            "min": 249.203007518797,
            "max": 275.8011049723757,
            "count": 10
        },
        "RoboHand.Environment.EpisodeLength.sum": {
            "value": 98430.0,
            "min": 97063.0,
            "max": 100268.0,
            "count": 10
        },
        "RoboHand.Environment.CumulativeReward.mean": {
            "value": 1273.8901873725217,
            "min": 1246.2772037407285,
            "max": 1538.4973577914266,
            "count": 10
        },
        "RoboHand.Environment.CumulativeReward.sum": {
            "value": 470065.4791404605,
            "min": 458310.8954767585,
            "max": 556689.8922336102,
            "count": 10
        },
        "RoboHand.Policy.ExtrinsicReward.mean": {
            "value": 1273.8901873725217,
            "min": 1246.2772037407285,
            "max": 1538.4973577914266,
            "count": 10
        },
        "RoboHand.Policy.ExtrinsicReward.sum": {
            "value": 470065.4791404605,
            "min": 458310.8954767585,
            "max": 556689.8922336102,
            "count": 10
        },
        "RoboHand.Policy.GailReward.mean": {
            "value": 0.053605011203835796,
            "min": 0.05231510644918767,
            "max": 0.06077898998220485,
            "count": 10
        },
        "RoboHand.Policy.GailReward.sum": {
            "value": 19.78024913421541,
            "min": 19.78024913421541,
            "max": 22.843675651836747,
            "count": 10
        },
        "RoboHand.Losses.PolicyLoss.mean": {
            "value": 0.025451291419643286,
            "min": 0.022447577263692103,
            "max": 0.025451291419643286,
            "count": 10
        },
        "RoboHand.Losses.PolicyLoss.sum": {
            "value": 0.25451291419643285,
            "min": 0.2020281953732289,
            "max": 0.25451291419643285,
            "count": 10
        },
        "RoboHand.Losses.ValueLoss.mean": {
            "value": 1885.1902563476565,
            "min": 1204.3893262736003,
            "max": 2108.3507794189454,
            "count": 10
        },
        "RoboHand.Losses.ValueLoss.sum": {
            "value": 18851.902563476564,
            "min": 12043.893262736003,
            "max": 21083.507794189452,
            "count": 10
        },
        "RoboHand.Policy.LearningRate.mean": {
            "value": 1.4196965267710007e-05,
            "min": 1.4196965267710007e-05,
            "max": 0.0002842470385843222,
            "count": 10
        },
        "RoboHand.Policy.LearningRate.sum": {
            "value": 0.00014196965267710006,
            "min": 0.00014196965267710006,
            "max": 0.0025582233472588997,
            "count": 10
        },
        "RoboHand.Policy.Epsilon.mean": {
            "value": 0.10473228999999999,
            "min": 0.10473228999999999,
            "max": 0.19474901111111112,
            "count": 10
        },
        "RoboHand.Policy.Epsilon.sum": {
            "value": 1.0473229,
            "min": 1.0473229,
            "max": 1.8495546,
            "count": 10
        },
        "RoboHand.Policy.Beta.mean": {
            "value": 0.0005000000000000002,
            "min": 0.0005000000000000001,
            "max": 0.0005000000000000002,
            "count": 10
        },
        "RoboHand.Policy.Beta.sum": {
            "value": 0.005000000000000002,
            "min": 0.004500000000000001,
            "max": 0.005000000000000002,
            "count": 10
        },
        "RoboHand.Policy.GAILPolicyEstimate.mean": {
            "value": 0.1469747439523538,
            "min": 0.14272350003321968,
            "max": 0.15606310074528057,
            "count": 10
        },
        "RoboHand.Policy.GAILPolicyEstimate.sum": {
            "value": 1.469747439523538,
            "min": 1.330455967783928,
            "max": 1.5606310074528058,
            "count": 10
        },
        "RoboHand.Policy.GAILExpertEstimate.mean": {
            "value": 0.853473070462545,
            "min": 0.8431456700960795,
            "max": 0.8576482005914053,
            "count": 10
        },
        "RoboHand.Policy.GAILExpertEstimate.sum": {
            "value": 8.53473070462545,
            "min": 7.628088537851969,
            "max": 8.576482005914054,
            "count": 10
        },
        "RoboHand.Losses.GAILLoss.mean": {
            "value": 0.3591582503914833,
            "min": 0.3483555495738983,
            "max": 0.38433340619007744,
            "count": 10
        },
        "RoboHand.Losses.GAILLoss.sum": {
            "value": 3.5915825039148332,
            "min": 3.222915620605151,
            "max": 3.8433340619007743,
            "count": 10
        },
        "RoboHand.Policy.GAILGradMagLoss.mean": {
            "value": 0.08234986044466495,
            "min": 0.07993930425080989,
            "max": 0.08456673001249632,
            "count": 10
        },
        "RoboHand.Policy.GAILGradMagLoss.sum": {
            "value": 0.8234986044466496,
            "min": 0.719453738257289,
            "max": 0.8280903143187364,
            "count": 10
        },
        "RoboHand.IsTraining.mean": {
            "value": 1.0,
            "min": 1.0,
            "max": 1.0,
            "count": 10
        },
        "RoboHand.IsTraining.sum": {
            "value": 1.0,
            "min": 1.0,
            "max": 1.0,
            "count": 10
        }
    },
    "metadata": {
        "timer_format_version": "0.1.0",
        "start_time_seconds": "1716984431",
        "python_version": "3.9.13 (tags/v3.9.13:6de2ca5, May 17 2022, 16:36:42) [MSC v.1929 64 bit (AMD64)]",
        "command_line_arguments": "D:\\Programms\\Unity Test\\Blimps\\RoboKnights\\venv\\Scripts\\mlagents-learn config/RoboHandBig.yaml --run-id=fatty39 --initialize-from=fatty38",
        "mlagents_version": "0.30.0",
        "mlagents_envs_version": "0.30.0",
        "communication_protocol_version": "1.5.0",
        "pytorch_version": "2.3.0+cu118",
        "numpy_version": "1.21.2",
        "end_time_seconds": "1716986595"
    },
    "total": 2164.2727061,
    "count": 1,
    "self": 0.00965970000015659,
    "children": {
        "run_training.setup": {
            "total": 0.12112789999999984,
            "count": 1,
            "self": 0.12112789999999984
        },