{
    "name": "root",
    "gauges": {
        "RoboHand.Policy.Entropy.mean": {
            "value": 1.405242681503296,
            "min": 1.3863897323608398,
            "max": 1.411493182182312,
            "count": 10
        },
        "RoboHand.Policy.Entropy.sum": {
            "value": 140827.796875,
            "min": 138406.0625,
            "max": 141996.21875,
            "count": 10
        },
        "RoboHand.Step.mean": {
            "value": 999960.0,
            "min": 99936.0,
            "max": 999960.0,
            "count": 10
        },
        "RoboHand.Step.sum": {
            "value": 999960.0,
            "min": 99936.0,
            "max": 999960.0,
            "count": 10
        },
        "RoboHand.Policy.ExtrinsicValueEstimate.mean": {
            "value": 9914.673828125,
            "min": -308590.1875,
            "max": 9914.673828125,
            "count": 10
        },
        "RoboHand.Policy.ExtrinsicValueEstimate.sum": {
            "value": 16547591.0,
            "min": -514728448.0,
            "max": 16547591.0,
            "count": 10
        },
        "RoboHand.Environment.EpisodeLength.mean": {
            "value": 298.7857142857143,
            "min": 298.76190476190476,
            "max": 298.8095238095238,
            "count": 10
        },
        "RoboHand.Environment.EpisodeLength.sum": {
            "value": 100392.0,
            "min": 98000.0,
            "max": 100400.0,
            "count": 10
        },
        "RoboHand.Environment.CumulativeReward.mean": {
            "value": 5.056019726486522,
            "min": -63441.597091687465,
            "max": 197.37748763104761,
            "count": 10
        },
        "RoboHand.Environment.CumulativeReward.sum": {
            "value": 1698.8226280994713,
            "min": -21062610.234440237,
            "max": 66318.835844032,
            "count": 10
        },
        "RoboHand.Policy.ExtrinsicReward.mean": {
            "value": 5.056019726486522,
            "min": -63441.597091687465,
            "max": 197.37748763104761,
            "count": 10
        },
        "RoboHand.Policy.ExtrinsicReward.sum": {
            "value": 1698.8226280994713,
            "min": -21062610.234440237,
            "max": 66318.835844032,
            "count": 10
        },
        "RoboHand.Losses.PolicyLoss.mean": {
            "value": 0.02525316325667922,
            "min": 0.02204672444820365,
            "max": 0.03253281842733958,
            "count": 10
        },
        "RoboHand.Losses.PolicyLoss.sum": {
            "value": 0.227278469310113,
            "min": 0.2030790168583432,
            "max": 0.300305652426808,
            "count": 10
        },
        "RoboHand.Losses.ValueLoss.mean": {
            "value": 137829298.8148148,
            "min": 5.260322860876719,
            "max": 142253910121.24448,
            "count": 10
        },
        "RoboHand.Losses.ValueLoss.sum": {
            "value": 1240463689.3333333,
            "min": 47.34290574789047,
            "max": 1280285191091.2002,
            "count": 10
        },
        "RoboHand.Policy.LearningRate.mean": {
            "value": 1.501476166177778e-05,
            "min": 1.501476166177778e-05,
            "max": 0.0002841482719505778,
            "count": 10
        },
        "RoboHand.Policy.LearningRate.sum": {
            "value": 0.00013513285495600003,
            "min": 0.00013513285495600003,
            "max": 0.0025573344475552,
            "count": 10
        },
        "RoboHand.Policy.Epsilon.mean": {
            "value": 0.10500488888888888,
            "min": 0.10500488888888888,
            "max": 0.19471608888888892,
            "count": 10
        },
        "RoboHand.Policy.Epsilon.sum": {
            "value": 0.945044,
            "min": 0.945044,
            "max": 1.7524448000000004,
            "count": 10
        },
        "RoboHand.Policy.Beta.mean": {
            "value": 0.0005000000000000001,
            "min": 0.0005000000000000001,
            "max": 0.0005000000000000002,
            "count": 10
        },
        "RoboHand.Policy.Beta.sum": {
            "value": 0.004500000000000001,
            "min": 0.004500000000000001,
            "max": 0.005000000000000002,
            "count": 10
        },
        "RoboHand.IsTraining.mean": {
            "value": 1.0,
            "min": 1.0,
            "max": 1.0,
            "count": 10
        },
        "RoboHand.IsTraining.sum": {
            "value": 1.0,
            "min": 1.0,
            "max": 1.0,
            "count": 10
        }
    },
    "metadata": {
        "timer_format_version": "0.1.0",
        "start_time_seconds": "1716118292",
        "python_version": "3.9.13 (tags/v3.9.13:6de2ca5, May 17 2022, 16:36:42) [MSC v.1929 64 bit (AMD64)]",
        "command_line_arguments": "D:\\Programms\\Unity Test\\Blimps\\RoboKnights\\venv\\Scripts\\mlagents-learn config\\RoboHand.yaml --run-id=test2",
        "mlagents_version": "0.30.0",
        "mlagents_envs_version": "0.30.0",
        "communication_protocol_version": "1.5.0",
        "pytorch_version": "2.3.0+cu118",
        "numpy_version": "1.21.2",
        "end_time_seconds": "1716120411"
    },
    "total": 2118.2063522999997,
    "count": 1,
    "self": 0.008731999999781692,
    "children": {
        "run_training.setup": {
            "total": 0.13608460000000022,
            "count": 1,
            "self": 0.13608460000000022
        },
        "TrainerController.start_learning": {
            "total": 2118.0615357,
            "count": 1,
            "self": 2.5694649000161007,
            "children": {
                "TrainerController._reset_env": {
                    "total": 8.7245845,
                    "count": 1,
                    "self": 8.7245845
                },
                "TrainerController.advance": {
                    "total": 2106.642847899984,
                    "count": 125513,
                    "self": 2.209471299975121,
                    "children": {
                        "env_step": {
                            "total": 1824.4330819999998,
                            "count": 125513,
                            "self": 1464.778084700022,
                            "children": {
                                "SubprocessEnvManager._take_step": {
                                    "total": 357.9907991000241,
                                    "count": 125517,
                                    "self": 9.03811409997337,
                                    "children": {
                                        "TorchPolicy.evaluate": {
                                            "total": 348.95268500005074,
                                            "count": 125180,
                                            "self": 348.95268500005074
                                        }
                                    }
                                },
                                "workers": {
                                    "total": 1.664198199953729,
                                    "count": 125513,
                                    "self": 0.0,
                                    "children": {
                                        "worker_root": {
                                            "total": 2002.6490374000111,
                                            "count": 125513,
                                            "is_parallel": true,
                                            "self": 778.8736579999972,
                                            "children": {
                                                "steps_from_proto": {
                                                    "total": 0.0020793000000027817,
                                                    "count": 5,
                                                    "is_parallel": true,
                                                    "self": 0.0006593000000023608,