{
    "name": "root",
    "metadata": {
        "timer_format_version": "0.1.0",
        "start_time_seconds": "1714876756",
        "python_version": "3.9.13 (tags/v3.9.13:6de2ca5, May 17 2022, 16:36:42) [MSC v.1929 64 bit (AMD64)]",
        "command_line_arguments": "D:\\Programms\\Unity Test\\Blimps\\RoboKnights\\venv\\Scripts\\mlagents-learn --run-id=test2",
        "mlagents_version": "0.30.0",
        "mlagents_envs_version": "0.30.0",
        "communication_protocol_version": "1.5.0",
        "pytorch_version": "2.3.0+cpu",
        "numpy_version": "1.21.2",
        "end_time_seconds": "1714876961"
    },
    "total": 204.85105959999999,
    "count": 1,
    "self": 0.006327900000002273,
    "children": {
        "run_training.setup": {
            "total": 0.034170500000000104,
            "count": 1,
            "self": 0.034170500000000104
        },
        "TrainerController.start_learning": {
            "total": 204.8105612,
            "count": 1,
            "self": 0.1899337000004948,
            "children": {
                "TrainerController._reset_env": {
                    "total": 9.8371155,
                    "count": 1,
                    "self": 9.8371155
                },
                "TrainerController.advance": {
                    "total": 194.6950847999995,
                    "count": 10042,
                    "self": 0.1642847999994217,
                    "children": {
                        "env_step": {
                            "total": 193.67413310000077,
                            "count": 10042,
                            "self": 180.66616400000032,
                            "children": {
                                "SubprocessEnvManager._take_step": {
                                    "total": 12.890227699999858,
                                    "count": 10042,
                                    "self": 0.44495030000044444,
                                    "children": {
                                        "TorchPolicy.evaluate": {
                                            "total": 12.445277399999414,
                                            "count": 10027,
                                            "self": 12.445277399999414
                                        }
                                    }
                                },
                                "workers": {
                                    "total": 0.1177414000006074,
                                    "count": 10041,
                                    "self": 0.0,
                                    "children": {
                                        "worker_root": {
                                            "total": 132.78378709999853,
                                            "count": 10041,
                                            "is_parallel": true,
                                            "self": 23.70117879999769,
                                            "children": {
                                                "steps_from_proto": {
                                                    "total": 0.00047819999999987317,
                                                    "count": 1,
                                                    "is_parallel": true,
                                                    "self": 0.00021399999999793806,
                                                    "children": {
                                                        "_process_rank_one_or_two_observation": {
                                                            "total": 0.0002642000000019351,
                                                            "count": 2,
                                                            "is_parallel": true,
                                                            "self": 0.0002642000000019351
                                                        }
                                                    }
                                                },
                                                "UnityEnvironment.step": {
                                                    "total": 109.08213010000084,
                                                    "count": 10041,
                                                    "is_parallel": true,
                                                    "self": 0.6522899000009801,
                                                    "children": {
                                                        "UnityEnvironment._generate_step_input": {
                                                            "total": 0.5768780000000735,
                                                            "count": 10041,
                                                            "is_parallel": true,
                                                            "self": 0.5768780000000735
                                                        },
                                                        "communicator.exchange": {
                                                            "total": 105.55106709999953,
                                                            "count": 10041,
                                                            "is_parallel": true,
                                                            "self": 105.55106709999953
                                                        },
                                                        "steps_from_proto": {
                                                            "total": 2.3018951000002446,
                                                            "count": 10041,
                                                            "is_parallel": true,
                                                            "self": 1.3931822000009326,
                                                            "children": {
                                                                "_process_rank_one_or_two_observation": {
                                                                    "total": 0.9087128999993119,
                                                                    "count": 20082,
                                                                    "is_parallel": true,
                                                                    "self": 0.9087128999993119
                                                                }
                                                            }
                                                        }
                                                    }
                                                }
                                            }
                                        }
                                    }
                                }
                            }
                        },
                        "trainer_advance": {
                            "total": 0.8566668999993023,
                            "count": 10041,
                            "self": 0.21749080000060772,
                            "children": {
                                "process_trajectory": {
                                    "total": 0.6391760999986946,
                                    "count": 10041,
                                    "self": 0.6391760999986946
                                }
                            }
                        }
                    }
                },
                "TrainerController._save_models": {
                    "total": 0.08842719999998394,
                    "count": 1,
                    "self": 2.5799999974651655e-05,
                    "children": {
                        "RLTrainer._checkpoint": {
                            "total": 0.08840140000000929,
                            "count": 1,