{
    "name": "root",
    "gauges": {
        "RoboHand.Policy.Entropy.mean": {
            "value": 1.3844256401062012,
            "min": 1.3844256401062012,
            "max": 1.4136719703674316,
            "count": 7
        },
        "RoboHand.Policy.Entropy.sum": {
            "value": 138752.671875,
            "min": 138752.671875,
            "max": 141412.4375,
            "count": 7
        },
        "RoboHand.Step.mean": {
            "value": 699975.0,
            "min": 99968.0,
            "max": 699975.0,
            "count": 7
        },
        "RoboHand.Step.sum": {
            "value": 699975.0,
            "min": 99968.0,
            "max": 699975.0,
            "count": 7
        },
        "RoboHand.Policy.ExtrinsicValueEstimate.mean": {
            "value": 15.318217277526855,
            "min": -1.0821149349212646,
            "max": 15.318217277526855,
            "count": 7
        },
        "RoboHand.Policy.ExtrinsicValueEstimate.sum": {
            "value": 25535.46875,
            "min": -1803.8856201171875,
            "max": 25535.46875,
            "count": 7
        },
        "RoboHand.Environment.EpisodeLength.mean": {
            "value": 298.6934523809524,
            "min": 298.6934523809524,
            "max": 298.8095238095238,
            "count": 7
        },
        "RoboHand.Environment.EpisodeLength.sum": {
            "value": 100361.0,
            "min": 98000.0,
            "max": 100400.0,
            "count": 7
        },
        "RoboHand.Environment.CumulativeReward.mean": {
            "value": 40.26008752546922,
            "min": -5.219861434745962,
            "max": 40.26008752546922,
            "count": 7
        },
        "RoboHand.Environment.CumulativeReward.sum": {
            "value": 13245.568795879371,
            "min": -1732.9939963356592,
            "max": 13245.568795879371,
            "count": 7
        },
        "RoboHand.Policy.ExtrinsicReward.mean": {
            "value": 40.26008752546922,
            "min": -5.219861434745962,
            "max": 40.26008752546922,
            "count": 7
        },
        "RoboHand.Policy.ExtrinsicReward.sum": {
            "value": 13245.568795879371,
            "min": -1732.9939963356592,
            "max": 13245.568795879371,
            "count": 7
        },
        "RoboHand.Losses.PolicyLoss.mean": {
            "value": 0.024123126947088167,
            "min": 0.02118876520144787,
            "max": 0.02427810897657764,
            "count": 7
        },
        "RoboHand.Losses.PolicyLoss.sum": {
            "value": 0.24123126947088167,
            "min": 0.19069888681303082,
            "max": 0.24278108976577642,
            "count": 7
        },
        "RoboHand.Losses.ValueLoss.mean": {
            "value": 36.7265980275472,
            "min": 0.4637168865526715,
            "max": 36.7265980275472,
            "count": 7
        },
        "RoboHand.Losses.ValueLoss.sum": {
            "value": 367.265980275472,
            "min": 4.637168865526715,
            "max": 367.265980275472,
            "count": 7
        },
        "RoboHand.Policy.LearningRate.mean": {
            "value": 0.00010543911485364998,
            "min": 0.00010543911485364998,
            "max": 0.00028416000528,
            "count": 7
        },
        "RoboHand.Policy.LearningRate.sum": {
            "value": 0.0010543911485364997,
            "min": 0.0010543911485364997,
            "max": 0.00255744004752,
            "count": 7
        },
        "RoboHand.Policy.Epsilon.mean": {
            "value": 0.13514635000000003,
            "min": 0.13514635000000003,
            "max": 0.19472000000000003,
            "count": 7
        },
        "RoboHand.Policy.Epsilon.sum": {
            "value": 1.3514635000000002,
            "min": 1.3063563,
            "max": 1.7524800000000003,
            "count": 7
        },
        "RoboHand.Policy.Beta.mean": {
            "value": 0.0005000000000000002,
            "min": 0.0005000000000000001,
            "max": 0.0005000000000000002,
            "count": 7
        },
        "RoboHand.Policy.Beta.sum": {
            "value": 0.005000000000000002,
            "min": 0.004500000000000001,
            "max": 0.005000000000000002,
            "count": 7
        },
        "RoboHand.IsTraining.mean": {
            "value": 1.0,
            "min": 1.0,
            "max": 1.0,
            "count": 7
        },
        "RoboHand.IsTraining.sum": {
            "value": 1.0,
            "min": 1.0,
            "max": 1.0,
            "count": 7
        }
    },
    "metadata": {
        "timer_format_version": "0.1.0",
        "start_time_seconds": "1716116772",
        "python_version": "3.9.13 (tags/v3.9.13:6de2ca5, May 17 2022, 16:36:42) [MSC v.1929 64 bit (AMD64)]",
        "command_line_arguments": "D:\\Programms\\Unity Test\\Blimps\\RoboKnights\\venv\\Scripts\\mlagents-learn config\\RoboHand.yaml --run-id=test1 --force",
        "mlagents_version": "0.30.0",
        "mlagents_envs_version": "0.30.0",
        "communication_protocol_version": "1.5.0",
        "pytorch_version": "2.3.0+cu118",
        "numpy_version": "1.21.2",
        "end_time_seconds": "1716118115"
    },
    "total": 1342.9873236,
    "count": 1,
    "self": 0.005497399999967456,
    "children": {
        "run_training.setup": {
            "total": 0.11222369999999993,
            "count": 1,
            "self": 0.11222369999999993
        },
        "TrainerController.start_learning": {
            "total": 1342.8696025000002,
            "count": 1,
            "self": 1.7110648999735076,
            "children": {
                "TrainerController._reset_env": {
                    "total": 9.278617,
                    "count": 1,
                    "self": 9.278617
                },
                "TrainerController.advance": {
                    "total": 1331.3626435000267,
                    "count": 89171,
                    "self": 1.569137800037879,
                    "children": {
                        "env_step": {
                            "total": 1134.939151099989,
                            "count": 89171,
                            "self": 892.5793700999905,
                            "children": {
                                "SubprocessEnvManager._take_step": {
                                    "total": 241.1925289000081,
                                    "count": 89171,
                                    "self": 6.247136899972531,
                                    "children": {
                                        "TorchPolicy.evaluate": {
                                            "total": 234.94539200003558,
                                            "count": 88934,
                                            "self": 234.94539200003558
                                        }
                                    }
                                },
                                "workers": {
                                    "total": 1.1672520999903675,
                                    "count": 89170,
                                    "self": 0.0,
                                    "children": {
                                        "worker_root": {
                                            "total": 1265.5661687999977,
                                            "count": 89170,
                                            "is_parallel": true,
                                            "self": 533.2677726000021,
                                            "children": {
                                                "steps_from_proto": {
                                                    "total": 0.0004076000000008406,
                                                    "count": 1,
                                                    "is_parallel": true,
                                                    "self": 0.00013150000000017315,