{
    "name": "root",
    "gauges": {
        "RoboHand.Policy.Entropy.mean": {
            "value": 1.2763702869415283,
            "min": 1.2763702869415283,
            "max": 1.301686406135559,
            "count": 10
        },
        "RoboHand.Policy.Entropy.sum": {
            "value": 127963.78125,
            "min": 127430.78125,
            "max": 130689.3125,
            "count": 10
        },
        "RoboHand.Step.mean": {
            "value": 999975.0,
            "min": 99951.0,
            "max": 999975.0,
            "count": 10
        },
        "RoboHand.Step.sum": {
            "value": 999975.0,
            "min": 99951.0,
            "max": 999975.0,
            "count": 10
        },
        "RoboHand.Policy.ExtrinsicValueEstimate.mean": {
            "value": 33.96043014526367,
            "min": 15.35275936126709,
            "max": 33.96043014526367,
            "count": 10
        },
        "RoboHand.Policy.ExtrinsicValueEstimate.sum": {
            "value": 61875.90625,
            "min": 27819.19921875,
            "max": 61875.90625,
            "count": 10
        },
        "RoboHand.Policy.GailValueEstimate.mean": {
            "value": 0.009712521918118,
            "min": -0.03326863422989845,
            "max": 0.08510423451662064,
            "count": 10
        },
        "RoboHand.Policy.GailValueEstimate.sum": {
            "value": 17.69621467590332,
            "min": -60.4491081237793,
            "max": 154.6343994140625,
            "count": 10
        },
        "RoboHand.Environment.EpisodeLength.mean": {
            "value": 301.35223880597016,
            "min": 294.37758112094394,
            "max": 320.31832797427654,
            "count": 10
        },
        "RoboHand.Environment.EpisodeLength.sum": {
            "value": 100953.0,
            "min": 97847.0,
            "max": 100953.0,
            "count": 10
        },
        "RoboHand.Environment.CumulativeReward.mean": {
            "value": 110.45489286438409,
            "min": 40.414984031253184,
            "max": 110.45489286438409,
            "count": 10
        },
        "RoboHand.Environment.CumulativeReward.sum": {
            "value": 37002.38910956867,
            "min": 13660.264602563577,
            "max": 37002.38910956867,
            "count": 10
        },
        "RoboHand.Policy.ExtrinsicReward.mean": {
            "value": 110.45489286438409,
            "min": 40.414984031253184,
            "max": 110.45489286438409,
            "count": 10
        },
        "RoboHand.Policy.ExtrinsicReward.sum": {
            "value": 37002.38910956867,
            "min": 13660.264602563577,
            "max": 37002.38910956867,
            "count": 10
        },
        "RoboHand.Policy.GailReward.mean": {
            "value": 0.026020529887711166,
            "min": 0.021747081596724154,
            "max": 0.03052701362484853,
            "count": 10
        },
        "RoboHand.Policy.GailReward.sum": {
            "value": 8.71687751238324,
            "min": 6.785089458177936,
            "max": 10.318130605198803,
            "count": 10
        },
        "RoboHand.Losses.PolicyLoss.mean": {
            "value": 0.0224938476359542,
            "min": 0.02150857585098425,
            "max": 0.024607868093151714,
            "count": 10
        },
        "RoboHand.Losses.PolicyLoss.sum": {
            "value": 0.224938476359542,
            "min": 0.19357718265885826,
            "max": 0.24607868093151714,
            "count": 10
        },
        "RoboHand.Losses.ValueLoss.mean": {
            "value": 69.61295650482177,
            "min": 5.259289363622665,
            "max": 69.61295650482177,
            "count": 10
        },
        "RoboHand.Losses.ValueLoss.sum": {
            "value": 696.1295650482177,
            "min": 52.59289363622665,
            "max": 696.1295650482177,
            "count": 10
        },
        "RoboHand.Policy.LearningRate.mean": {
            "value": 1.4464775178440003e-05,
            "min": 1.4464775178440003e-05,
            "max": 0.0002844138385287222,
            "count": 10
        },
        "RoboHand.Policy.LearningRate.sum": {
            "value": 0.00014464775178440003,
            "min": 0.00014464775178440003,
            "max": 0.0025597245467585,
            "count": 10
        },
        "RoboHand.Policy.Epsilon.mean": {
            "value": 0.10482156000000001,
            "min": 0.10482156000000001,
            "max": 0.1948046111111111,
            "count": 10
        },
        "RoboHand.Policy.Epsilon.sum": {
            "value": 1.0482156,
            "min": 1.0482156,
            "max": 1.8502155000000002,
            "count": 10
        },
        "RoboHand.Policy.Beta.mean": {
            "value": 0.0005000000000000002,
            "min": 0.0005000000000000001,
            "max": 0.0005000000000000002,
            "count": 10
        },
        "RoboHand.Policy.Beta.sum": {
            "value": 0.005000000000000002,
            "min": 0.004500000000000001,
            "max": 0.005000000000000002,
            "count": 10
        },
        "RoboHand.Policy.GAILPolicyEstimate.mean": {
            "value": 0.06345416760692994,
            "min": 0.05128750369228699,
            "max": 0.06345416760692994,
            "count": 10
        },
        "RoboHand.Policy.GAILPolicyEstimate.sum": {
            "value": 0.6345416760692995,
            "min": 0.4615875332305829,
            "max": 0.6345416760692995,
            "count": 10
        },
        "RoboHand.Policy.GAILExpertEstimate.mean": {
            "value": 0.9322049440940223,
            "min": 0.9245614258448283,
            "max": 0.9327811531225839,
            "count": 10
        },
        "RoboHand.Policy.GAILExpertEstimate.sum": {
            "value": 9.322049440940223,
            "min": 8.382145680983863,
            "max": 9.327811531225839,
            "count": 10
        },
        "RoboHand.Losses.GAILLoss.mean": {
            "value": 0.16151871581872304,
            "min": 0.1475324796029815,
            "max": 0.16711103985706963,
            "count": 10
        },
        "RoboHand.Losses.GAILLoss.sum": {
            "value": 1.6151871581872304,
            "min": 1.3277923164268335,
            "max": 1.6711103985706963,
            "count": 10
        },
        "RoboHand.Policy.GAILGradMagLoss.mean": {
            "value": 0.051284748340646426,
            "min": 0.04120190725972255,
            "max": 0.051284748340646426,
            "count": 10
        },
        "RoboHand.Policy.GAILGradMagLoss.sum": {
            "value": 0.5128474834064642,
            "min": 0.3900694781293471,
            "max": 0.5128474834064642,
            "count": 10
        },
        "RoboHand.IsTraining.mean": {
            "value": 1.0,
            "min": 1.0,
            "max": 1.0,
            "count": 10
        },
        "RoboHand.IsTraining.sum": {
            "value": 1.0,
            "min": 1.0,
            "max": 1.0,
            "count": 10
        }
    },
    "metadata": {
        "timer_format_version": "0.1.0",
        "start_time_seconds": "1716832938",
        "python_version": "3.9.13 (tags/v3.9.13:6de2ca5, May 17 2022, 16:36:42) [MSC v.1929 64 bit (AMD64)]",
        "command_line_arguments": "D:\\Programms\\Unity Test\\Blimps\\RoboKnights\\venv\\Scripts\\mlagents-learn config/RoboHandBig.yaml --run-id=fatty6 --initialize-from=fatty3 --force",
        "mlagents_version": "0.30.0",
        "mlagents_envs_version": "0.30.0",
        "communication_protocol_version": "1.5.0",
        "pytorch_version": "2.3.0+cu118",
        "numpy_version": "1.21.2",
        "end_time_seconds": "1716834722"
    },
    "total": 1783.7286330000002,
    "count": 1,
    "self": 0.011744400000225141,
    "children": {
        "run_training.setup": {
            "total": 0.11616599999999977,
            "count": 1,
            "self": 0.11616599999999977
        },