{
    "name": "root",
    "gauges": {
        "RoboHand.Policy.Entropy.mean": {
            "value": 0.9431901574134827,
            "min": 0.9431901574134827,
            "max": 0.9585017561912537,
            "count": 10
        },
        "RoboHand.Policy.Entropy.sum": {
            "value": 94319.015625,
            "min": 94211.296875,
            "max": 96156.8984375,
            "count": 10
        },
        "RoboHand.Environment.EpisodeLength.mean": {
            "value": 276.8370165745856,
            "min": 259.59946949602124,
            "max": 277.17977528089887,
            "count": 10
        },
        "RoboHand.Environment.EpisodeLength.sum": {
            "value": 100215.0,
            "min": 97869.0,
            "max": 100340.0,
            "count": 10
        },
        "RoboHand.Step.mean": {
            "value": 999974.0,
            "min": 99994.0,
            "max": 999974.0,
            "count": 10
        },
        "RoboHand.Step.sum": {
            "value": 999974.0,
            "min": 99994.0,
            "max": 999974.0,
            "count": 10
        },
        "RoboHand.Policy.ExtrinsicValueEstimate.mean": {
            "value": 130.90806579589844,
            "min": 82.81542205810547,
            "max": 130.90806579589844,
            "count": 10
        },
        "RoboHand.Policy.ExtrinsicValueEstimate.sum": {
            "value": 220056.453125,
            "min": 139958.0625,
            "max": 220056.453125,
            "count": 10
        },
        "RoboHand.Policy.GailValueEstimate.mean": {
            "value": 0.20350080728530884,
            "min": -0.2906518280506134,
            "max": 0.20350080728530884,
            "count": 10
        },
        "RoboHand.Policy.GailValueEstimate.sum": {
            "value": 342.0848693847656,
            "min": -491.20159912109375,
            "max": 342.0848693847656,
            "count": 10
        },
        "RoboHand.Environment.CumulativeReward.mean": {
            "value": 408.50975431913497,
            "min": 325.0662387164825,
            "max": 408.50975431913497,
            "count": 10
        },
        "RoboHand.Environment.CumulativeReward.sum": {
            "value": 147880.53106352687,
            "min": 122224.90575739741,
            "max": 149035.5768660605,
            "count": 10
        },
        "RoboHand.Policy.ExtrinsicReward.mean": {
            "value": 408.50975431913497,
            "min": 325.0662387164825,
            "max": 408.50975431913497,
            "count": 10
        },
        "RoboHand.Policy.ExtrinsicReward.sum": {
            "value": 147880.53106352687,
            "min": 122224.90575739741,
            "max": 149035.5768660605,
            "count": 10
        },
        "RoboHand.Policy.GailReward.mean": {
            "value": 0.005018825520821931,
            "min": 0.004817531745518667,
            "max": 0.006219615705526652,
            "count": 10
        },
        "RoboHand.Policy.GailReward.sum": {
            "value": 1.816814838537539,
            "min": 1.7776692140963881,
            "max": 2.344795120983548,
            "count": 10
        },
        "RoboHand.Losses.PolicyLoss.mean": {
            "value": 0.026520705584553068,
            "min": 0.021737586496201403,
            "max": 0.026520705584553068,
            "count": 10
        },
        "RoboHand.Losses.PolicyLoss.sum": {
            "value": 0.26520705584553067,
            "min": 0.21213288777580602,
            "max": 0.26520705584553067,
            "count": 10
        },
        "RoboHand.Losses.ValueLoss.mean": {
            "value": 370.7013086954753,
            "min": 305.17047607421875,
            "max": 465.207851212113,
            "count": 10
        },
        "RoboHand.Losses.ValueLoss.sum": {
            "value": 3707.013086954753,
            "min": 2756.2652038574215,
            "max": 4357.861160786946,
            "count": 10
        },
        "RoboHand.Policy.LearningRate.mean": {
            "value": 1.4723435092219995e-05,
            "min": 1.4723435092219995e-05,
            "max": 0.0002845734051422,
            "count": 10
        },
        "RoboHand.Policy.LearningRate.sum": {
            "value": 0.00014723435092219996,
            "min": 0.00014723435092219996,
            "max": 0.0025611606462798,
            "count": 10
        },
        "RoboHand.Policy.Epsilon.mean": {
            "value": 0.10490778,
            "min": 0.10490778,
            "max": 0.19485779999999997,
            "count": 10
        },
        "RoboHand.Policy.Epsilon.sum": {
            "value": 1.0490778,
            "min": 1.0490778,
            "max": 1.8509490999999998,
            "count": 10
        },
        "RoboHand.Policy.Beta.mean": {
            "value": 0.0005000000000000002,
            "min": 0.0005000000000000001,
            "max": 0.0005000000000000002,
            "count": 10
        },
        "RoboHand.Policy.Beta.sum": {
            "value": 0.005000000000000002,
            "min": 0.004500000000000001,
            "max": 0.005000000000000002,
            "count": 10
        },
        "RoboHand.Policy.GAILPolicyEstimate.mean": {
            "value": 0.12860063175360364,
            "min": 0.12823193177580833,
            "max": 0.15700729211171466,
            "count": 10
        },
        "RoboHand.Policy.GAILPolicyEstimate.sum": {
            "value": 1.2860063175360363,
            "min": 1.1571562898655732,
            "max": 1.5700729211171467,
            "count": 10
        },
        "RoboHand.Policy.GAILExpertEstimate.mean": {
            "value": 0.8728729182481766,
            "min": 0.8492386786142985,
            "max": 0.8728729182481766,
            "count": 10
        },
        "RoboHand.Policy.GAILExpertEstimate.sum": {
            "value": 8.728729182481766,
            "min": 7.6809187491734825,
            "max": 8.728729182481766,
            "count": 10
        },
        "RoboHand.Losses.GAILLoss.mean": {
            "value": 0.3116576002041499,
            "min": 0.31128818651040396,
            "max": 0.3796173471212387,
            "count": 10
        },
        "RoboHand.Losses.GAILLoss.sum": {
            "value": 3.1165760020414988,
            "min": 2.8698631922403974,
            "max": 3.796173471212387,
            "count": 10
        },
        "RoboHand.Policy.GAILGradMagLoss.mean": {
            "value": 0.08032223420838515,
            "min": 0.08032223420838515,
            "max": 0.08930135597785314,
            "count": 10
        },
        "RoboHand.Policy.GAILGradMagLoss.sum": {
            "value": 0.8032223420838515,
            "min": 0.7264033171037834,
            "max": 0.8930135597785315,
            "count": 10
        },
        "RoboHand.IsTraining.mean": {
            "value": 1.0,
            "min": 1.0,
            "max": 1.0,
            "count": 10
        },
        "RoboHand.IsTraining.sum": {
            "value": 1.0,
            "min": 1.0,
            "max": 1.0,
            "count": 10
        }
    },
    "metadata": {
        "timer_format_version": "0.1.0",
        "start_time_seconds": "1717349451",
        "python_version": "3.9.13 (tags/v3.9.13:6de2ca5, May 17 2022, 16:36:42) [MSC v.1929 64 bit (AMD64)]",
        "command_line_arguments": "D:\\Programms\\Unity Test\\Blimps\\RoboKnights\\venv\\Scripts\\mlagents-learn config/RoboHandBig.yaml --run-id=fatty44 --initialize-from=fatty43 --force",
        "mlagents_version": "0.30.0",
        "mlagents_envs_version": "0.30.0",
        "communication_protocol_version": "1.5.0",
        "pytorch_version": "2.3.0+cu118",
        "numpy_version": "1.21.2",
        "end_time_seconds": "1717351287"
    },
    "total": 1835.5988811,
    "count": 1,
    "self": 0.011507599999958984,
    "children": {
        "run_training.setup": {
            "total": 0.12424510000000044,
            "count": 1,
            "self": 0.12424510000000044
        },