{
    "name": "root",
    "metadata": {
        "timer_format_version": "0.1.0",
        "start_time_seconds": "1714879187",
        "python_version": "3.9.13 (tags/v3.9.13:6de2ca5, May 17 2022, 16:36:42) [MSC v.1929 64 bit (AMD64)]",
        "command_line_arguments": "D:\\Programms\\Unity Test\\Blimps\\RoboKnights\\venv\\Scripts\\mlagents-learn --run-id=test5",
        "mlagents_version": "0.30.0",
        "mlagents_envs_version": "0.30.0",
        "communication_protocol_version": "1.5.0",
        "pytorch_version": "2.3.0+cpu",
        "numpy_version": "1.21.2",
        "end_time_seconds": "1714879285"
    },
    "total": 97.9050515,
    "count": 1,
    "self": 0.039050799999998276,
    "children": {
        "run_training.setup": {
            "total": 0.06444690000000008,
            "count": 1,
            "self": 0.06444690000000008
        },
        "TrainerController.start_learning": {
            "total": 97.80155380000001,
            "count": 1,
            "self": 0.0324668999999318,
            "children": {
                "TrainerController._reset_env": {
                    "total": 14.5103652,
                    "count": 1,
                    "self": 14.5103652
                },
                "TrainerController.advance": {
                    "total": 83.18056420000008,
                    "count": 1554,
                    "self": 0.028761800000054905,
                    "children": {
                        "env_step": {
                            "total": 79.91592510000008,
                            "count": 1554,
                            "self": 77.14425850000028,
                            "children": {
                                "SubprocessEnvManager._take_step": {
                                    "total": 2.7505339999998704,
                                    "count": 1554,
                                    "self": 0.0833483999998812,
                                    "children": {
                                        "TorchPolicy.evaluate": {
                                            "total": 2.667185599999989,
                                            "count": 1547,
                                            "self": 2.667185599999989
                                        }
                                    }
                                },
                                "workers": {
                                    "total": 0.021132599999930335,
                                    "count": 1553,
                                    "self": 0.0,
                                    "children": {
                                        "worker_root": {
                                            "total": 21.037469999999963,
                                            "count": 1553,
                                            "is_parallel": true,
                                            "self": 9.430406099999846,
                                            "children": {
                                                "steps_from_proto": {
                                                    "total": 0.0005047999999998609,
                                                    "count": 1,
                                                    "is_parallel": true,
                                                    "self": 0.00021610000000116258,
                                                    "children": {
                                                        "_process_rank_one_or_two_observation": {
                                                            "total": 0.00028869999999869833,
                                                            "count": 2,
                                                            "is_parallel": true,
                                                            "self": 0.00028869999999869833
                                                        }
                                                    }
                                                },
                                                "UnityEnvironment.step": {
                                                    "total": 11.606559100000117,
                                                    "count": 1553,
                                                    "is_parallel": true,
                                                    "self": 0.18291920000004502,
                                                    "children": {
                                                        "UnityEnvironment._generate_step_input": {
                                                            "total": 0.30829620000002755,
                                                            "count": 1553,
                                                            "is_parallel": true,
                                                            "self": 0.30829620000002755
                                                        },
                                                        "communicator.exchange": {
                                                            "total": 10.583351399999966,
                                                            "count": 1553,
                                                            "is_parallel": true,
                                                            "self": 10.583351399999966
                                                        },
                                                        "steps_from_proto": {
                                                            "total": 0.5319923000000788,
                                                            "count": 1553,
                                                            "is_parallel": true,
                                                            "self": 0.2822859000001259,
                                                            "children": {
                                                                "_process_rank_one_or_two_observation": {
                                                                    "total": 0.24970639999995292,
                                                                    "count": 3106,
                                                                    "is_parallel": true,
                                                                    "self": 0.24970639999995292
                                                                }
                                                            }
                                                        }
                                                    }
                                                }
                                            }
                                        }
                                    }
                                }
                            }
                        },
                        "trainer_advance": {
                            "total": 3.2358772999999417,
                            "count": 1553,
                            "self": 0.040100799999944314,
                            "children": {
                                "process_trajectory": {
                                    "total": 0.8875254999999953,
                                    "count": 1553,
                                    "self": 0.8875254999999953
                                },
                                "_update_policy": {
                                    "total": 2.308251000000002,
                                    "count": 1,
                                    "self": 1.5302982000000043,
                                    "children": {
                                        "TorchPPOOptimizer.update": {
                                            "total": 0.7779527999999978,
                                            "count": 30,