{
    "name": "root",
    "gauges": {
        "RoboHand.Policy.Entropy.mean": {
            "value": 1.378822684288025,
            "min": 1.378822684288025,
            "max": 1.4018769264221191,
            "count": 4
        },
        "RoboHand.Policy.Entropy.sum": {
            "value": 137705.78125,
            "min": 137705.78125,
            "max": 140726.015625,
            "count": 4
        },
        "RoboHand.Step.mean": {
            "value": 399992.0,
            "min": 99936.0,
            "max": 399992.0,
            "count": 4
        },
        "RoboHand.Step.sum": {
            "value": 399992.0,
            "min": 99936.0,
            "max": 399992.0,
            "count": 4
        },
        "RoboHand.Policy.ExtrinsicValueEstimate.mean": {
            "value": 3024.62841796875,
            "min": 3024.62841796875,
            "max": 13954.599609375,
            "count": 4
        },
        "RoboHand.Policy.ExtrinsicValueEstimate.sum": {
            "value": 5039031.0,
            "min": 5039031.0,
            "max": 23234408.0,
            "count": 4
        },
        "RoboHand.Environment.EpisodeLength.mean": {
            "value": 298.8048780487805,
            "min": 298.7857142857143,
            "max": 298.8095238095238,
            "count": 4
        },
        "RoboHand.Environment.EpisodeLength.sum": {
            "value": 98008.0,
            "min": 98008.0,
            "max": 100400.0,
            "count": 4
        },
        "RoboHand.Environment.CumulativeReward.mean": {
            "value": -1.4945189183912944,
            "min": -3.500332479069974,
            "max": 2.7723458486910135,
            "count": 4
        },
        "RoboHand.Environment.CumulativeReward.sum": {
            "value": -490.20220523234457,
            "min": -1176.1117129675113,
            "max": 909.3294383706525,
            "count": 4
        },
        "RoboHand.Policy.ExtrinsicReward.mean": {
            "value": -1.4945189183912944,
            "min": -3.500332479069974,
            "max": 2.7723458486910135,
            "count": 4
        },
        "RoboHand.Policy.ExtrinsicReward.sum": {
            "value": -490.20220523234457,
            "min": -1176.1117129675113,
            "max": 909.3294383706525,
            "count": 4
        },
        "RoboHand.Losses.PolicyLoss.mean": {
            "value": 0.025386959402803094,
            "min": 0.022947858218847414,
            "max": 0.025386959402803094,
            "count": 4
        },
        "RoboHand.Losses.PolicyLoss.sum": {
            "value": 0.22848263462522783,
            "min": 0.2065307239696267,
            "max": 0.23473108248363136,
            "count": 4
        },
        "RoboHand.Losses.ValueLoss.mean": {
            "value": 5080422.900925926,
            "min": 5080422.900925926,
            "max": 79321942.68148148,
            "count": 4
        },
        "RoboHand.Losses.ValueLoss.sum": {
            "value": 45723806.108333334,
            "min": 45723806.108333334,
            "max": 713897484.1333333,
            "count": 4
        },
        "RoboHand.Policy.LearningRate.mean": {
            "value": 0.00019550430149857772,
            "min": 0.00019550430149857772,
            "max": 0.000284148005284,
            "count": 4
        },
        "RoboHand.Policy.LearningRate.sum": {
            "value": 0.0017595387134871996,
            "min": 0.0017595387134871996,
            "max": 0.0025573320475559998,
            "count": 4
        },
        "RoboHand.Policy.Epsilon.mean": {
            "value": 0.1651680888888889,
            "min": 0.1651680888888889,
            "max": 0.194716,
            "count": 4
        },
        "RoboHand.Policy.Epsilon.sum": {
            "value": 1.4865128,
            "min": 1.4865128,
            "max": 1.7524440000000001,
            "count": 4
        },
        "RoboHand.Policy.Beta.mean": {
            "value": 0.0005000000000000001,
            "min": 0.0005000000000000001,
            "max": 0.0005000000000000002,
            "count": 4
        },
        "RoboHand.Policy.Beta.sum": {
            "value": 0.004500000000000001,
            "min": 0.004500000000000001,
            "max": 0.005000000000000002,
            "count": 4
        },
        "RoboHand.IsTraining.mean": {
            "value": 1.0,
            "min": 1.0,
            "max": 1.0,
            "count": 4
        },
        "RoboHand.IsTraining.sum": {
            "value": 1.0,
            "min": 1.0,
            "max": 1.0,
            "count": 4
        }
    },
    "metadata": {
        "timer_format_version": "0.1.0",
        "start_time_seconds": "1716120451",
        "python_version": "3.9.13 (tags/v3.9.13:6de2ca5, May 17 2022, 16:36:42) [MSC v.1929 64 bit (AMD64)]",
        "command_line_arguments": "D:\\Programms\\Unity Test\\Blimps\\RoboKnights\\venv\\Scripts\\mlagents-learn config\\RoboHand.yaml --run-id=test3 --initialize-from=test2",
        "mlagents_version": "0.30.0",
        "mlagents_envs_version": "0.30.0",
        "communication_protocol_version": "1.5.0",
        "pytorch_version": "2.3.0+cu118",
        "numpy_version": "1.21.2",
        "end_time_seconds": "1716121325"
    },
    "total": 873.8234630000001,
    "count": 1,
    "self": 10.006504800000016,
    "children": {
        "run_training.setup": {
            "total": 0.1438649999999999,
            "count": 1,
            "self": 0.1438649999999999
        },
        "TrainerController.start_learning": {
            "total": 863.6730932,
            "count": 1,
            "self": 1.0128661999923452,
            "children": {
                "TrainerController._reset_env": {
                    "total": 10.9694847,
                    "count": 1,
                    "self": 10.9694847
                },
                "TrainerController.advance": {
                    "total": 851.4702694000077,
                    "count": 50971,
                    "self": 0.8886679000037248,
                    "children": {
                        "env_step": {
                            "total": 736.713243000005,
                            "count": 50971,
                            "self": 587.4762378999926,
                            "children": {
                                "SubprocessEnvManager._take_step": {
                                    "total": 148.5432524000092,
                                    "count": 50972,
                                    "self": 3.607703900000388,
                                    "children": {
                                        "TorchPolicy.evaluate": {
                                            "total": 144.93554850000882,
                                            "count": 50832,
                                            "self": 144.93554850000882
                                        }
                                    }
                                },
                                "workers": {
                                    "total": 0.6937527000031984,
                                    "count": 50970,
                                    "self": 0.0,
                                    "children": {
                                        "worker_root": {
                                            "total": 837.135596299991,
                                            "count": 50970,
                                            "is_parallel": true,
                                            "self": 319.41578049999794,
                                            "children": {
                                                "steps_from_proto": {
                                                    "total": 0.0007280999999998983,
                                                    "count": 2,
                                                    "is_parallel": true,
                                                    "self": 0.00022330000000003736,