{
    "name": "root",
    "gauges": {
        "RoboHand.Policy.Entropy.mean": {
            "value": 1.400450348854065,
            "min": 1.400450348854065,
            "max": 1.412137508392334,
            "count": 10
        },
        "RoboHand.Policy.Entropy.sum": {
            "value": 140706.046875,
            "min": 139683.375,
            "max": 141756.015625,
            "count": 10
        },
        "RoboHand.Step.mean": {
            "value": 999936.0,
            "min": 99936.0,
            "max": 999936.0,
            "count": 10
        },
        "RoboHand.Step.sum": {
            "value": 999936.0,
            "min": 99936.0,
            "max": 999936.0,
            "count": 10
        },
        "RoboHand.Policy.ExtrinsicValueEstimate.mean": {
            "value": -4.619462966918945,
            "min": -16.470144271850586,
            "max": -4.143692493438721,
            "count": 10
        },
        "RoboHand.Policy.ExtrinsicValueEstimate.sum": {
            "value": -7696.025390625,
            "min": -27422.791015625,
            "max": -6911.6787109375,
            "count": 10
        },
        "RoboHand.Environment.EpisodeLength.mean": {
            "value": 298.780487804878,
            "min": 298.780487804878,
            "max": 298.8095238095238,
            "count": 10
        },
        "RoboHand.Environment.EpisodeLength.sum": {
            "value": 98000.0,
            "min": 98000.0,
            "max": 100400.0,
            "count": 10
        },
        "RoboHand.Environment.CumulativeReward.mean": {
            "value": -22.497073332489492,
            "min": -133.70241043570155,
            "max": -20.14171277611361,
            "count": 10
        },
        "RoboHand.Environment.CumulativeReward.sum": {
            "value": -7379.040053056553,
            "min": -43854.39062291011,
            "max": -6767.615492774174,
            "count": 10
        },
        "RoboHand.Policy.ExtrinsicReward.mean": {
            "value": -22.497073332489492,
            "min": -133.70241043570155,
            "max": -20.14171277611361,
            "count": 10
        },
        "RoboHand.Policy.ExtrinsicReward.sum": {
            "value": -7379.040053056553,
            "min": -43854.39062291011,
            "max": -6767.615492774174,
            "count": 10
        },
        "RoboHand.Losses.PolicyLoss.mean": {
            "value": 0.023768263691885363,
            "min": 0.021888368588630934,
            "max": 0.025071564926668843,
            "count": 10
        },
        "RoboHand.Losses.PolicyLoss.sum": {
            "value": 0.21391437322696827,
            "min": 0.20206567772765993,
            "max": 0.25071564926668843,
            "count": 10
        },
        "RoboHand.Losses.ValueLoss.mean": {
            "value": 25.635365756904637,
            "min": 21.07724057475726,
            "max": 66.81490366812105,
            "count": 10
        },
        "RoboHand.Losses.ValueLoss.sum": {
            "value": 230.71829181214173,
            "min": 210.77240574757258,
            "max": 601.3341330130894,
            "count": 10
        },
        "RoboHand.Policy.LearningRate.mean": {
            "value": 1.5272894909066667e-05,
            "min": 1.5272894909066667e-05,
            "max": 0.000284148005284,
            "count": 10
        },
        "RoboHand.Policy.LearningRate.sum": {
            "value": 0.0001374560541816,
            "min": 0.0001374560541816,
            "max": 0.0025573320475559998,
            "count": 10
        },
        "RoboHand.Policy.Epsilon.mean": {
            "value": 0.10509093333333334,
            "min": 0.10509093333333334,
            "max": 0.194716,
            "count": 10
        },
        "RoboHand.Policy.Epsilon.sum": {
            "value": 0.9458184000000001,
            "min": 0.9458184000000001,
            "max": 1.7524440000000001,
            "count": 10
        },
        "RoboHand.Policy.Beta.mean": {
            "value": 0.0005000000000000001,
            "min": 0.0005000000000000001,
            "max": 0.0005000000000000002,
            "count": 10
        },
        "RoboHand.Policy.Beta.sum": {
            "value": 0.004500000000000001,
            "min": 0.004500000000000001,
            "max": 0.005000000000000002,
            "count": 10
        },
        "RoboHand.IsTraining.mean": {
            "value": 1.0,
            "min": 1.0,
            "max": 1.0,
            "count": 10
        },
        "RoboHand.IsTraining.sum": {
            "value": 1.0,
            "min": 1.0,
            "max": 1.0,
            "count": 10
        }
    },
    "metadata": {
        "timer_format_version": "0.1.0",
        "start_time_seconds": "1716208692",
        "python_version": "3.9.13 (tags/v3.9.13:6de2ca5, May 17 2022, 16:36:42) [MSC v.1929 64 bit (AMD64)]",
        "command_line_arguments": "D:\\Programms\\Unity Test\\Blimps\\RoboKnights\\venv\\Scripts\\mlagents-learn config/RoboHand.yaml --run-id=test7 --force",
        "mlagents_version": "0.30.0",
        "mlagents_envs_version": "0.30.0",
        "communication_protocol_version": "1.5.0",
        "pytorch_version": "2.3.0+cu118",
        "numpy_version": "1.21.2",
        "end_time_seconds": "1716210764"
    },
    "total": 2071.8702921,
    "count": 1,
    "self": 0.010966699999698903,
    "children": {
        "run_training.setup": {
            "total": 0.10720639999999992,
            "count": 1,
            "self": 0.10720639999999992
        },
        "TrainerController.start_learning": {
            "total": 2071.752119,
            "count": 1,
            "self": 2.477836900035072,
            "children": {
                "TrainerController._reset_env": {
                    "total": 9.6929757,
                    "count": 1,
                    "self": 9.6929757
                },
                "TrainerController.advance": {
                    "total": 2059.4583464999655,
                    "count": 125435,
                    "self": 2.24758449995079,
                    "children": {
                        "env_step": {
                            "total": 1781.2165601000181,
                            "count": 125435,
                            "self": 1440.3093045999788,
                            "children": {
                                "SubprocessEnvManager._take_step": {
                                    "total": 339.2354564000094,
                                    "count": 125437,
                                    "self": 8.1056661000531,
                                    "children": {
                                        "TorchPolicy.evaluate": {
                                            "total": 331.1297902999563,
                                            "count": 125100,
                                            "self": 331.1297902999563
                                        }
                                    }
                                },
                                "workers": {
                                    "total": 1.6717991000298689,
                                    "count": 125435,
                                    "self": 0.0,
                                    "children": {
                                        "worker_root": {
                                            "total": 2044.712159300005,
                                            "count": 125435,
                                            "is_parallel": true,
                                            "self": 756.3522475999882,
                                            "children": {
                                                "steps_from_proto": {
                                                    "total": 0.0010727000000003706,
                                                    "count": 3,
                                                    "is_parallel": true,
                                                    "self": 0.000328000000000106,