{
    "name": "root",
    "gauges": {
        "RoboHand.Policy.Entropy.mean": {
            "value": 1.391541600227356,
            "min": 1.391541600227356,
            "max": 1.410580039024353,
            "count": 4
        },
        "RoboHand.Policy.Entropy.sum": {
            "value": 138976.046875,
            "min": 138976.046875,
            "max": 141599.671875,
            "count": 4
        },
        "RoboHand.Step.mean": {
            "value": 399992.0,
            "min": 99936.0,
            "max": 399992.0,
            "count": 4
        },
        "RoboHand.Step.sum": {
            "value": 399992.0,
            "min": 99936.0,
            "max": 399992.0,
            "count": 4
        },
        "RoboHand.Policy.ExtrinsicValueEstimate.mean": {
            "value": 50.02162551879883,
            "min": -6.102653503417969,
            "max": 50.02162551879883,
            "count": 4
        },
        "RoboHand.Policy.ExtrinsicValueEstimate.sum": {
            "value": 83336.03125,
            "min": -10160.91796875,
            "max": 83336.03125,
            "count": 4
        },
        "RoboHand.Environment.EpisodeLength.mean": {
            "value": 298.8048780487805,
            "min": 298.7857142857143,
            "max": 298.8095238095238,
            "count": 4
        },
        "RoboHand.Environment.EpisodeLength.sum": {
            "value": 98008.0,
            "min": 98008.0,
            "max": 100400.0,
            "count": 4
        },
        "RoboHand.Environment.CumulativeReward.mean": {
            "value": 210.92721808844718,
            "min": -28.702112123248078,
            "max": 210.92721808844718,
            "count": 4
        },
        "RoboHand.Environment.CumulativeReward.sum": {
            "value": 69184.12753301067,
            "min": -9414.292776425369,
            "max": 69184.12753301067,
            "count": 4
        },
        "RoboHand.Policy.ExtrinsicReward.mean": {
            "value": 210.92721808844718,
            "min": -28.702112123248078,
            "max": 210.92721808844718,
            "count": 4
        },
        "RoboHand.Policy.ExtrinsicReward.sum": {
            "value": 69184.12753301067,
            "min": -9414.292776425369,
            "max": 69184.12753301067,
            "count": 4
        },
        "RoboHand.Losses.PolicyLoss.mean": {
            "value": 0.024224064847658155,
            "min": 0.02197380632661171,
            "max": 0.024224064847658155,
            "count": 4
        },
        "RoboHand.Losses.PolicyLoss.sum": {
            "value": 0.2180165836289234,
            "min": 0.1977642569395054,
            "max": 0.22357373514799594,
            "count": 4
        },
        "RoboHand.Losses.ValueLoss.mean": {
            "value": 3076.4862227828417,
            "min": 38.11551302009158,
            "max": 3076.4862227828417,
            "count": 4
        },
        "RoboHand.Losses.ValueLoss.sum": {
            "value": 27688.376005045575,
            "min": 343.0396171808243,
            "max": 27688.376005045575,
            "count": 4
        },
        "RoboHand.Policy.LearningRate.mean": {
            "value": 0.00019550430149857772,
            "min": 0.00019550430149857772,
            "max": 0.000284148005284,
            "count": 4
        },
        "RoboHand.Policy.LearningRate.sum": {
            "value": 0.0017595387134871996,
            "min": 0.0017595387134871996,
            "max": 0.0025573320475559998,
            "count": 4
        },
        "RoboHand.Policy.Epsilon.mean": {
            "value": 0.1651680888888889,
            "min": 0.1651680888888889,
            "max": 0.194716,
            "count": 4
        },
        "RoboHand.Policy.Epsilon.sum": {
            "value": 1.4865128,
            "min": 1.4865128,
            "max": 1.7524440000000001,
            "count": 4
        },
        "RoboHand.Policy.Beta.mean": {
            "value": 0.0005000000000000001,
            "min": 0.0005000000000000001,
            "max": 0.0005000000000000002,
            "count": 4
        },
        "RoboHand.Policy.Beta.sum": {
            "value": 0.004500000000000001,
            "min": 0.004500000000000001,
            "max": 0.005000000000000002,
            "count": 4
        },
        "RoboHand.IsTraining.mean": {
            "value": 1.0,
            "min": 1.0,
            "max": 1.0,
            "count": 4
        },
        "RoboHand.IsTraining.sum": {
            "value": 1.0,
            "min": 1.0,
            "max": 1.0,
            "count": 4
        }
    },
    "metadata": {
        "timer_format_version": "0.1.0",
        "start_time_seconds": "1716138188",
        "python_version": "3.9.13 (tags/v3.9.13:6de2ca5, May 17 2022, 16:36:42) [MSC v.1929 64 bit (AMD64)]",
        "command_line_arguments": "D:\\Programms\\Unity Test\\Blimps\\RoboKnights\\venv\\Scripts\\mlagents-learn config\\RoboHand.yaml --run-id=test4 --force",
        "mlagents_version": "0.30.0",
        "mlagents_envs_version": "0.30.0",
        "communication_protocol_version": "1.5.0",
        "pytorch_version": "2.3.0+cu118",
        "numpy_version": "1.21.2",
        "end_time_seconds": "1716139176"
    },
    "total": 988.1553599,
    "count": 1,
    "self": 0.007312200000001212,
    "children": {
        "run_training.setup": {
            "total": 0.1111051999999999,
            "count": 1,
            "self": 0.1111051999999999
        },
        "TrainerController.start_learning": {
            "total": 988.0369425,
            "count": 1,
            "self": 1.0997677999912412,
            "children": {
                "TrainerController._reset_env": {
                    "total": 8.888885199999999,
                    "count": 1,
                    "self": 8.888885199999999
                },
                "TrainerController.advance": {
                    "total": 977.8670023000087,
                    "count": 56367,
                    "self": 1.0444548000023133,
                    "children": {
                        "env_step": {
                            "total": 849.2335195000043,
                            "count": 56367,
                            "self": 683.7202177000005,
                            "children": {
                                "SubprocessEnvManager._take_step": {
                                    "total": 164.75552980000663,
                                    "count": 56367,
                                    "self": 4.102206700001943,
                                    "children": {
                                        "TorchPolicy.evaluate": {
                                            "total": 160.65332310000468,
                                            "count": 56217,
                                            "self": 160.65332310000468
                                        }
                                    }
                                },
                                "workers": {
                                    "total": 0.7577719999971695,
                                    "count": 56366,
                                    "self": 0.0,
                                    "children": {
                                        "worker_root": {
                                            "total": 915.1612545999983,
                                            "count": 56366,
                                            "is_parallel": true,
                                            "self": 356.75700939998524,
                                            "children": {
                                                "steps_from_proto": {
                                                    "total": 0.0008495000000001696,
                                                    "count": 1,
                                                    "is_parallel": true,
                                                    "self": 0.0005718999999997365,