{
    "name": "root",
    "gauges": {
        "AgentController.Policy.Entropy.mean": {
            "value": 1.4401795864105225,
            "min": 1.4206132888793945,
            "max": 1.4401795864105225,
            "count": 5
        },
        "AgentController.Policy.Entropy.sum": {
            "value": 72161.640625,
            "min": 71198.296875,
            "max": 72298.3046875,
            "count": 5
        },
        "AgentController.Step.mean": {
            "value": 249970.0,
            "min": 49984.0,
            "max": 249970.0,
            "count": 5
        },
        "AgentController.Step.sum": {
            "value": 249970.0,
            "min": 49984.0,
            "max": 249970.0,
            "count": 5
        },
        "AgentController.Policy.ExtrinsicValueEstimate.mean": {
            "value": 0.7165136933326721,
            "min": 0.6869397759437561,
            "max": 0.8413422703742981,
            "count": 5
        },
        "AgentController.Policy.ExtrinsicValueEstimate.sum": {
            "value": 700.7503662109375,
            "min": 642.2886962890625,
            "max": 784.1309814453125,
            "count": 5
        },
        "AgentController.Environment.EpisodeLength.mean": {
            "value": 161.75875486381324,
            "min": 158.54545454545453,
            "max": 225.80184331797236,
            "count": 5
        },
        "AgentController.Environment.EpisodeLength.sum": {
            "value": 41572.0,
            "min": 33256.0,
            "max": 48999.0,
            "count": 5
        },
        "AgentController.Environment.CumulativeReward.mean": {
            "value": 2.2568093385214008,
            "min": -0.4838709677419355,
            "max": 2.5454545454545454,
            "count": 5
        },
        "AgentController.Environment.CumulativeReward.sum": {
            "value": 580.0,
            "min": -105.0,
            "max": 580.0,
            "count": 5
        },
        "AgentController.Policy.ExtrinsicReward.mean": {
            "value": 2.2568093385214008,
            "min": -0.4838709677419355,
            "max": 2.5454545454545454,
            "count": 5
        },
        "AgentController.Policy.ExtrinsicReward.sum": {
            "value": 580.0,
            "min": -105.0,
            "max": 580.0,
            "count": 5
        },
        "AgentController.Losses.PolicyLoss.mean": {
            "value": 0.021597692958118087,
            "min": 0.021597692958118087,
            "max": 0.026215250662062317,
            "count": 5
        },
        "AgentController.Losses.PolicyLoss.sum": {
            "value": 0.10798846479059043,
            "min": 0.0881632503500441,
            "max": 0.13107625331031159,
            "count": 5
        },
        "AgentController.Losses.ValueLoss.mean": {
            "value": 0.05659970834851265,
            "min": 0.05659970834851265,
            "max": 0.5707569122314453,
            "count": 5
        },
        "AgentController.Losses.ValueLoss.sum": {
            "value": 0.2829985417425632,
            "min": 0.2829985417425632,
            "max": 2.2830276489257812,
            "count": 5
        },
        "AgentController.Policy.LearningRate.mean": {
            "value": 0.0001642992452336,
            "min": 0.0001642992452336,
            "max": 0.0002845704051432,
            "count": 5
        },
        "AgentController.Policy.LearningRate.sum": {
            "value": 0.0008214962261679999,
            "min": 0.0008214962261679999,
            "max": 0.0012841554719481996,
            "count": 5
        },
        "AgentController.Policy.Epsilon.mean": {
            "value": 0.1547664,
            "min": 0.1547664,
            "max": 0.19485680000000002,
            "count": 5
        },
        "AgentController.Policy.Epsilon.sum": {
            "value": 0.773832,
            "min": 0.773832,
            "max": 0.9280518,
            "count": 5
        },
        "AgentController.Policy.Beta.mean": {
            "value": 0.00274284336,
            "min": 0.00274284336,
            "max": 0.0047433543199999996,
            "count": 5
        },
        "AgentController.Policy.Beta.sum": {
            "value": 0.0137142168,
            "min": 0.0137142168,
            "max": 0.02140978482,
            "count": 5
        },
        "AgentController.IsTraining.mean": {
            "value": 1.0,
            "min": 1.0,
            "max": 1.0,
            "count": 5
        },
        "AgentController.IsTraining.sum": {
            "value": 1.0,
            "min": 1.0,
            "max": 1.0,
            "count": 5
        }
    },
    "metadata": {
        "timer_format_version": "0.1.0",
        "start_time_seconds": "1714877774",
        "python_version": "3.9.13 (tags/v3.9.13:6de2ca5, May 17 2022, 16:36:42) [MSC v.1929 64 bit (AMD64)]",
        "command_line_arguments": "D:\\Programms\\Unity Test\\Blimps\\RoboKnights\\venv\\Scripts\\mlagents-learn --run-id=test4",
        "mlagents_version": "0.30.0",
        "mlagents_envs_version": "0.30.0",
        "communication_protocol_version": "1.5.0",
        "pytorch_version": "2.3.0+cpu",
        "numpy_version": "1.21.2",
        "end_time_seconds": "1714878493"
    },
    "total": 718.8137339,
    "count": 1,
    "self": 0.0056624000000056185,
    "children": {
        "run_training.setup": {
            "total": 0.03326919999999989,
            "count": 1,
            "self": 0.03326919999999989
        },
        "TrainerController.start_learning": {
            "total": 718.7748023,
            "count": 1,
            "self": 1.1109445999969694,
            "children": {
                "TrainerController._reset_env": {
                    "total": 9.4405581,
                    "count": 1,
                    "self": 9.4405581
                },
                "TrainerController.advance": {
                    "total": 708.1489292000031,
                    "count": 50477,
                    "self": 1.0214887999838993,
                    "children": {
                        "env_step": {
                            "total": 614.9706444000152,
                            "count": 50477,
                            "self": 537.2571298000171,
                            "children": {
                                "SubprocessEnvManager._take_step": {
                                    "total": 76.94757830000128,
                                    "count": 50478,
                                    "self": 2.716116000001108,
                                    "children": {
                                        "TorchPolicy.evaluate": {
                                            "total": 74.23146230000017,
                                            "count": 49561,
                                            "self": 74.23146230000017
                                        }
                                    }
                                },
                                "workers": {
                                    "total": 0.7659362999968042,
                                    "count": 50476,
                                    "self": 0.0,
                                    "children": {
                                        "worker_root": {
                                            "total": 589.4450745999886,
                                            "count": 50476,
                                            "is_parallel": true,
                                            "self": 230.50836589998994,
                                            "children": {
                                                "steps_from_proto": {
                                                    "total": 0.0009294000000030778,
                                                    "count": 2,
                                                    "is_parallel": true,
                                                    "self": 0.0004042000000028523,