{
    "name": "root",
    "gauges": {
        "RoboHand.Policy.Entropy.mean": {
            "value": 1.26903235912323,
            "min": 1.26903235912323,
            "max": 1.2992773056030273,
            "count": 10
        },
        "RoboHand.Policy.Entropy.sum": {
            "value": 126933.6953125,
            "min": 126933.6953125,
            "max": 130426.65625,
            "count": 10
        },
        "RoboHand.Environment.EpisodeLength.mean": {
            "value": 286.7011494252874,
            "min": 261.8921052631579,
            "max": 316.0293159609121,
            "count": 10
        },
        "RoboHand.Environment.EpisodeLength.sum": {
            "value": 99772.0,
            "min": 97021.0,
            "max": 99887.0,
            "count": 10
        },
        "RoboHand.Step.mean": {
            "value": 999942.0,
            "min": 99952.0,
            "max": 999942.0,
            "count": 10
        },
        "RoboHand.Step.sum": {
            "value": 999942.0,
            "min": 99952.0,
            "max": 999942.0,
            "count": 10
        },
        "RoboHand.Policy.ExtrinsicValueEstimate.mean": {
            "value": 35.88589096069336,
            "min": -468.056884765625,
            "max": 35.94936752319336,
            "count": 10
        },
        "RoboHand.Policy.ExtrinsicValueEstimate.sum": {
            "value": 65635.296875,
            "min": -861224.6875,
            "max": 65787.34375,
            "count": 10
        },
        "RoboHand.Policy.GailValueEstimate.mean": {
            "value": -0.04179435595870018,
            "min": -0.1356041431427002,
            "max": 0.6012783646583557,
            "count": 10
        },
        "RoboHand.Policy.GailValueEstimate.sum": {
            "value": -76.44187927246094,
            "min": -247.88436889648438,
            "max": 1106.3521728515625,
            "count": 10
        },
        "RoboHand.Environment.CumulativeReward.mean": {
            "value": 93.0555877775553,
            "min": -7898114.580164812,
            "max": 93.0555877775553,
            "count": 10
        },
        "RoboHand.Environment.CumulativeReward.sum": {
            "value": 32383.344546589244,
            "min": -3001283540.4626284,
            "max": 32383.344546589244,
            "count": 10
        },
        "RoboHand.Policy.ExtrinsicReward.mean": {
            "value": 93.0555877775553,
            "min": -7898114.580164812,
            "max": 93.0555877775553,
            "count": 10
        },
        "RoboHand.Policy.ExtrinsicReward.sum": {
            "value": 32383.344546589244,
            "min": -3001283540.4626284,
            "max": 32383.344546589244,
            "count": 10
        },
        "RoboHand.Policy.GailReward.mean": {
            "value": 0.8784440176614069,
            "min": 0.8784440176614069,
            "max": 1.5388395363903338,
            "count": 10
        },
        "RoboHand.Policy.GailReward.sum": {
            "value": 305.6985181461696,
            "min": 305.6985181461696,
            "max": 472.42373767183244,
            "count": 10
        },
        "RoboHand.Losses.PolicyLoss.mean": {
            "value": 0.023370077222158826,
            "min": 0.02251898537527908,
            "max": 0.025325083996576726,
            "count": 10
        },
        "RoboHand.Losses.PolicyLoss.sum": {
            "value": 0.23370077222158825,
            "min": 0.20267086837751172,
            "max": 0.25325083996576725,
            "count": 10
        },
        "RoboHand.Losses.ValueLoss.mean": {
            "value": 18.140946153004965,
            "min": 9.687053973586469,
            "max": 276654433832259.94,
            "count": 10
        },
        "RoboHand.Losses.ValueLoss.sum": {
            "value": 181.40946153004964,
            "min": 87.18348576227822,
            "max": 2766544338322599.5,
            "count": 10
        },
        "RoboHand.Policy.LearningRate.mean": {
            "value": 1.4606285131270005e-05,
            "min": 1.4606285131270005e-05,
            "max": 0.0002843521385492889,
            "count": 10
        },
        "RoboHand.Policy.LearningRate.sum": {
            "value": 0.00014606285131270005,
            "min": 0.00014606285131270005,
            "max": 0.0025591692469435997,
            "count": 10
        },
        "RoboHand.Policy.Epsilon.mean": {
            "value": 0.10486873,
            "min": 0.10486873,
            "max": 0.19478404444444444,
            "count": 10
        },
        "RoboHand.Policy.Epsilon.sum": {
            "value": 1.0486872999999999,
            "min": 1.0486872999999999,
            "max": 1.8499555000000003,
            "count": 10
        },
        "RoboHand.Policy.Beta.mean": {
            "value": 0.0005000000000000002,
            "min": 0.0005000000000000001,
            "max": 0.0005000000000000002,
            "count": 10
        },
        "RoboHand.Policy.Beta.sum": {
            "value": 0.005000000000000002,
            "min": 0.004500000000000001,
            "max": 0.005000000000000002,
            "count": 10
        },
        "RoboHand.Policy.GAILPolicyEstimate.mean": {
            "value": 0.0768921127418677,
            "min": 0.0768921127418677,
            "max": 0.09971632664402327,
            "count": 10
        },
        "RoboHand.Policy.GAILPolicyEstimate.sum": {
            "value": 0.768921127418677,
            "min": 0.768921127418677,
            "max": 0.9971632664402327,
            "count": 10
        },
        "RoboHand.Policy.GAILExpertEstimate.mean": {
            "value": 0.9111240416765213,
            "min": 0.8939755154980554,
            "max": 0.9112633192539216,
            "count": 10
        },
        "RoboHand.Policy.GAILExpertEstimate.sum": {
            "value": 9.111240416765213,
            "min": 8.045779639482499,
            "max": 9.112633192539215,
            "count": 10
        },
        "RoboHand.Losses.GAILLoss.mean": {
            "value": 0.2022274318834146,
            "min": 0.2022274318834146,
            "max": 0.25473902909844015,
            "count": 10
        },
        "RoboHand.Losses.GAILLoss.sum": {
            "value": 2.022274318834146,
            "min": 2.022274318834146,
            "max": 2.5432130505641304,
            "count": 10
        },
        "RoboHand.Policy.GAILGradMagLoss.mean": {
            "value": 0.05330366193006436,
            "min": 0.05330366193006436,
            "max": 0.08448836439599593,
            "count": 10
        },
        "RoboHand.Policy.GAILGradMagLoss.sum": {
            "value": 0.5330366193006436,
            "min": 0.49316400761405627,
            "max": 0.8448836439599593,
            "count": 10
        },
        "RoboHand.IsTraining.mean": {
            "value": 1.0,
            "min": 1.0,
            "max": 1.0,
            "count": 10
        },
        "RoboHand.IsTraining.sum": {
            "value": 1.0,
            "min": 1.0,
            "max": 1.0,
            "count": 10
        }
    },
    "metadata": {
        "timer_format_version": "0.1.0",
        "start_time_seconds": "1716674194",
        "python_version": "3.9.13 (tags/v3.9.13:6de2ca5, May 17 2022, 16:36:42) [MSC v.1929 64 bit (AMD64)]",
        "command_line_arguments": "D:\\Programms\\Unity Test\\Blimps\\RoboKnights\\venv\\Scripts\\mlagents-learn config/RoboHand.yaml --run-id=super11 --initialize-from=super10 --force",
        "mlagents_version": "0.30.0",
        "mlagents_envs_version": "0.30.0",
        "communication_protocol_version": "1.5.0",
        "pytorch_version": "2.3.0+cu118",
        "numpy_version": "1.21.2",
        "end_time_seconds": "1716676652"
    },
    "total": 2457.4338217,
    "count": 1,
    "self": 0.013955499999610765,
    "children": {
        "run_training.setup": {
            "total": 0.10771320000000006,
            "count": 1,
            "self": 0.10771320000000006
        },